ISO-10303-21;
HEADER;
FILE_DESCRIPTION(('Open CASCADE Model'),'2;1');
FILE_NAME('Open CASCADE Shape Model','2025-07-01T17:58:03',('Author'),(
    'Open CASCADE'),'Open CASCADE STEP processor 6.8','Open CASCADE 6.8'
  ,'Unknown');
FILE_SCHEMA(('AUTOMOTIVE_DESIGN { 1 0 10303 214 1 1 1 1 }'));
ENDSEC;
DATA;
#1 = APPLICATION_PROTOCOL_DEFINITION('international standard',
  'automotive_design',2000,#2);
#2 = APPLICATION_CONTEXT(
  'core data for automotive mechanical design processes');
#3 = SHAPE_DEFINITION_REPRESENTATION(#4,#10);
#4 = PRODUCT_DEFINITION_SHAPE('','',#5);
#5 = PRODUCT_DEFINITION('design','',#6,#9);
#6 = PRODUCT_DEFINITION_FORMATION('','',#7);
#7 = PRODUCT('PCB','PCB','',(#8));
#8 = PRODUCT_CONTEXT('',#2,'mechanical');
#9 = PRODUCT_DEFINITION_CONTEXT('part definition',#2,'design');
#10 = SHAPE_REPRESENTATION('',(#11,#15),#19);
#11 = AXIS2_PLACEMENT_3D('',#12,#13,#14);
#12 = CARTESIAN_POINT('',(0.E+000,0.E+000,0.E+000));
#13 = DIRECTION('',(0.E+000,0.E+000,1.));
#14 = DIRECTION('',(1.,0.E+000,-0.E+000));
#15 = AXIS2_PLACEMENT_3D('',#16,#17,#18);
#16 = CARTESIAN_POINT('',(0.E+000,0.E+000,0.E+000));
#17 = DIRECTION('',(0.E+000,0.E+000,1.));
#18 = DIRECTION('',(1.,0.E+000,-0.E+000));
#19 = ( GEOMETRIC_REPRESENTATION_CONTEXT(3) 
GLOBAL_UNCERTAINTY_ASSIGNED_CONTEXT((#23)) GLOBAL_UNIT_ASSIGNED_CONTEXT(
(#20,#21,#22)) REPRESENTATION_CONTEXT('Context #1',
  '3D Context with UNIT and UNCERTAINTY') );
#20 = ( LENGTH_UNIT() NAMED_UNIT(*) SI_UNIT(.MILLI.,.METRE.) );
#21 = ( NAMED_UNIT(*) PLANE_ANGLE_UNIT() SI_UNIT($,.RADIAN.) );
#22 = ( NAMED_UNIT(*) SI_UNIT($,.STERADIAN.) SOLID_ANGLE_UNIT() );
#23 = UNCERTAINTY_MEASURE_WITH_UNIT(LENGTH_MEASURE(1.E-007),#20,
  'distance_accuracy_value','confusion accuracy');
#24 = PRODUCT_RELATED_PRODUCT_CATEGORY('part',$,(#7));
#25 = SHAPE_DEFINITION_REPRESENTATION(#26,#32);
#26 = PRODUCT_DEFINITION_SHAPE('','',#27);
#27 = PRODUCT_DEFINITION('design','',#28,#31);
#28 = PRODUCT_DEFINITION_FORMATION('','',#29);
#29 = PRODUCT('Board','Board','',(#30));
#30 = PRODUCT_CONTEXT('',#2,'mechanical');
#31 = PRODUCT_DEFINITION_CONTEXT('part definition',#2,'design');
#32 = SHAPE_REPRESENTATION('',(#11,#33),#37);
#33 = AXIS2_PLACEMENT_3D('',#34,#35,#36);
#34 = CARTESIAN_POINT('',(0.E+000,0.E+000,-0.41148));
#35 = DIRECTION('',(0.E+000,0.E+000,1.));
#36 = DIRECTION('',(1.,0.E+000,-0.E+000));
#37 = ( GEOMETRIC_REPRESENTATION_CONTEXT(3) 
GLOBAL_UNCERTAINTY_ASSIGNED_CONTEXT((#41)) GLOBAL_UNIT_ASSIGNED_CONTEXT(
(#38,#39,#40)) REPRESENTATION_CONTEXT('Context #1',
  '3D Context with UNIT and UNCERTAINTY') );
#38 = ( LENGTH_UNIT() NAMED_UNIT(*) SI_UNIT(.MILLI.,.METRE.) );
#39 = ( NAMED_UNIT(*) PLANE_ANGLE_UNIT() SI_UNIT($,.RADIAN.) );
#40 = ( NAMED_UNIT(*) SI_UNIT($,.STERADIAN.) SOLID_ANGLE_UNIT() );
#41 = UNCERTAINTY_MEASURE_WITH_UNIT(LENGTH_MEASURE(1.E-007),#38,
  'distance_accuracy_value','confusion accuracy');
#42 = ADVANCED_BREP_SHAPE_REPRESENTATION('',(#11,#43),#5140);
#43 = MANIFOLD_SOLID_BREP('',#44);
#44 = CLOSED_SHELL('',(#45,#85,#116,#147,#169,#202,#235,#268,#301,#334,
    #367,#400,#433,#466,#499,#532,#565,#598,#631,#673,#704,#737,#759,
    #801,#832,#865,#887,#920,#953,#986,#1019,#1052,#1085,#1118,#1151,
    #1184,#1217,#1250,#1283,#1316,#1349,#1382,#1415,#1448,#1481,#1514,
    #1547,#1580,#1613,#1646,#1679,#1712,#1745,#1778,#1811,#1844,#1877,
    #1910,#1943,#1976,#2009,#2042,#2075,#2117,#2148,#2181,#2203,#2236,
    #2278,#2309,#2342,#2364,#2397,#2430,#2463,#2496,#2529,#2562,#2604,
    #2635,#2668,#2690,#2732,#2763,#2796,#2818,#2860,#2891,#2924,#2946,
    #2988,#3019,#3052,#3074,#3116,#3147,#3180,#3202,#3235,#3268,#3301,
    #3334,#3367,#3400,#3433,#3466,#3499,#3532,#3565,#3598,#3640,#3671,
    #3704,#3726,#3759,#3792,#3825,#3867,#3898,#3931,#3953,#3995,#4026,
    #4059,#4081,#4123,#4154,#4187,#4209,#4251,#4282,#4315,#4337,#4379,
    #4410,#4443,#4465,#4498,#4819));
#45 = ADVANCED_FACE('',(#46),#80,.T.);
#46 = FACE_BOUND('',#47,.T.);
#47 = EDGE_LOOP('',(#48,#58,#66,#74));
#48 = ORIENTED_EDGE('',*,*,#49,.T.);
#49 = EDGE_CURVE('',#50,#52,#54,.T.);
#50 = VERTEX_POINT('',#51);
#51 = CARTESIAN_POINT('',(139.4459991455,25.39999961853,0.E+000));
#52 = VERTEX_POINT('',#53);
#53 = CARTESIAN_POINT('',(139.4459991455,25.39999961853,0.41148));
#54 = LINE('',#55,#56);
#55 = CARTESIAN_POINT('',(139.4459991455,25.39999961853,0.E+000));
#56 = VECTOR('',#57,1.);
#57 = DIRECTION('',(0.E+000,0.E+000,1.));
#58 = ORIENTED_EDGE('',*,*,#59,.T.);
#59 = EDGE_CURVE('',#52,#60,#62,.T.);
#60 = VERTEX_POINT('',#61);
#61 = CARTESIAN_POINT('',(25.39999961853,25.39999961853,0.41148));
#62 = LINE('',#63,#64);
#63 = CARTESIAN_POINT('',(139.4459991455,25.39999961853,0.41148));
#64 = VECTOR('',#65,1.);
#65 = DIRECTION('',(-1.,0.E+000,0.E+000));
#66 = ORIENTED_EDGE('',*,*,#67,.F.);
#67 = EDGE_CURVE('',#68,#60,#70,.T.);
#68 = VERTEX_POINT('',#69);
#69 = CARTESIAN_POINT('',(25.39999961853,25.39999961853,0.E+000));
#70 = LINE('',#71,#72);
#71 = CARTESIAN_POINT('',(25.39999961853,25.39999961853,0.E+000));
#72 = VECTOR('',#73,1.);
#73 = DIRECTION('',(0.E+000,0.E+000,1.));
#74 = ORIENTED_EDGE('',*,*,#75,.F.);
#75 = EDGE_CURVE('',#50,#68,#76,.T.);
#76 = LINE('',#77,#78);
#77 = CARTESIAN_POINT('',(139.4459991455,25.39999961853,0.E+000));
#78 = VECTOR('',#79,1.);
#79 = DIRECTION('',(-1.,0.E+000,0.E+000));
#80 = PLANE('',#81);
#81 = AXIS2_PLACEMENT_3D('',#82,#83,#84);
#82 = CARTESIAN_POINT('',(139.4459991455,25.39999961853,0.E+000));
#83 = DIRECTION('',(0.E+000,-1.,0.E+000));
#84 = DIRECTION('',(-1.,0.E+000,0.E+000));
#85 = ADVANCED_FACE('',(#86),#111,.T.);
#86 = FACE_BOUND('',#87,.T.);
#87 = EDGE_LOOP('',(#88,#89,#97,#105));
#88 = ORIENTED_EDGE('',*,*,#67,.T.);
#89 = ORIENTED_EDGE('',*,*,#90,.T.);
#90 = EDGE_CURVE('',#60,#91,#93,.T.);
#91 = VERTEX_POINT('',#92);
#92 = CARTESIAN_POINT('',(25.39999961853,149.35200500488,0.41148));
#93 = LINE('',#94,#95);
#94 = CARTESIAN_POINT('',(25.39999961853,25.39999961853,0.41148));
#95 = VECTOR('',#96,1.);
#96 = DIRECTION('',(0.E+000,1.,0.E+000));
#97 = ORIENTED_EDGE('',*,*,#98,.F.);
#98 = EDGE_CURVE('',#99,#91,#101,.T.);
#99 = VERTEX_POINT('',#100);
#100 = CARTESIAN_POINT('',(25.39999961853,149.35200500488,0.E+000));
#101 = LINE('',#102,#103);
#102 = CARTESIAN_POINT('',(25.39999961853,149.35200500488,0.E+000));
#103 = VECTOR('',#104,1.);
#104 = DIRECTION('',(0.E+000,0.E+000,1.));
#105 = ORIENTED_EDGE('',*,*,#106,.F.);
#106 = EDGE_CURVE('',#68,#99,#107,.T.);
#107 = LINE('',#108,#109);
#108 = CARTESIAN_POINT('',(25.39999961853,25.39999961853,0.E+000));
#109 = VECTOR('',#110,1.);
#110 = DIRECTION('',(0.E+000,1.,0.E+000));
#111 = PLANE('',#112);
#112 = AXIS2_PLACEMENT_3D('',#113,#114,#115);
#113 = CARTESIAN_POINT('',(25.39999961853,25.39999961853,0.E+000));
#114 = DIRECTION('',(-1.,0.E+000,0.E+000));
#115 = DIRECTION('',(0.E+000,1.,0.E+000));
#116 = ADVANCED_FACE('',(#117),#142,.T.);
#117 = FACE_BOUND('',#118,.T.);
#118 = EDGE_LOOP('',(#119,#120,#128,#136));
#119 = ORIENTED_EDGE('',*,*,#98,.T.);
#120 = ORIENTED_EDGE('',*,*,#121,.T.);
#121 = EDGE_CURVE('',#91,#122,#124,.T.);
#122 = VERTEX_POINT('',#123);
#123 = CARTESIAN_POINT('',(139.4459991455,149.35200500488,0.41148));
#124 = LINE('',#125,#126);
#125 = CARTESIAN_POINT('',(25.39999961853,149.35200500488,0.41148));
#126 = VECTOR('',#127,1.);
#127 = DIRECTION('',(1.,0.E+000,0.E+000));
#128 = ORIENTED_EDGE('',*,*,#129,.F.);
#129 = EDGE_CURVE('',#130,#122,#132,.T.);
#130 = VERTEX_POINT('',#131);
#131 = CARTESIAN_POINT('',(139.4459991455,149.35200500488,0.E+000));
#132 = LINE('',#133,#134);
#133 = CARTESIAN_POINT('',(139.4459991455,149.35200500488,0.E+000));
#134 = VECTOR('',#135,1.);
#135 = DIRECTION('',(0.E+000,0.E+000,1.));
#136 = ORIENTED_EDGE('',*,*,#137,.F.);
#137 = EDGE_CURVE('',#99,#130,#138,.T.);
#138 = LINE('',#139,#140);
#139 = CARTESIAN_POINT('',(25.39999961853,149.35200500488,0.E+000));
#140 = VECTOR('',#141,1.);
#141 = DIRECTION('',(1.,0.E+000,0.E+000));
#142 = PLANE('',#143);
#143 = AXIS2_PLACEMENT_3D('',#144,#145,#146);
#144 = CARTESIAN_POINT('',(25.39999961853,149.35200500488,0.E+000));
#145 = DIRECTION('',(0.E+000,1.,0.E+000));
#146 = DIRECTION('',(1.,0.E+000,0.E+000));
#147 = ADVANCED_FACE('',(#148),#164,.T.);
#148 = FACE_BOUND('',#149,.T.);
#149 = EDGE_LOOP('',(#150,#151,#157,#158));
#150 = ORIENTED_EDGE('',*,*,#129,.T.);
#151 = ORIENTED_EDGE('',*,*,#152,.T.);
#152 = EDGE_CURVE('',#122,#52,#153,.T.);
#153 = LINE('',#154,#155);
#154 = CARTESIAN_POINT('',(139.4459991455,149.35200500488,0.41148));
#155 = VECTOR('',#156,1.);
#156 = DIRECTION('',(0.E+000,-1.,0.E+000));
#157 = ORIENTED_EDGE('',*,*,#49,.F.);
#158 = ORIENTED_EDGE('',*,*,#159,.F.);
#159 = EDGE_CURVE('',#130,#50,#160,.T.);
#160 = LINE('',#161,#162);
#161 = CARTESIAN_POINT('',(139.4459991455,149.35200500488,0.E+000));
#162 = VECTOR('',#163,1.);
#163 = DIRECTION('',(0.E+000,-1.,0.E+000));
#164 = PLANE('',#165);
#165 = AXIS2_PLACEMENT_3D('',#166,#167,#168);
#166 = CARTESIAN_POINT('',(139.4459991455,149.35200500488,0.E+000));
#167 = DIRECTION('',(1.,0.E+000,-0.E+000));
#168 = DIRECTION('',(0.E+000,-1.,0.E+000));
#169 = ADVANCED_FACE('',(#170),#197,.F.);
#170 = FACE_BOUND('',#171,.T.);
#171 = EDGE_LOOP('',(#172,#182,#189,#190));
#172 = ORIENTED_EDGE('',*,*,#173,.T.);
#173 = EDGE_CURVE('',#174,#176,#178,.T.);
#174 = VERTEX_POINT('',#175);
#175 = CARTESIAN_POINT('',(46.574,44.709,0.E+000));
#176 = VERTEX_POINT('',#177);
#177 = CARTESIAN_POINT('',(46.574,44.709,0.41148));
#178 = LINE('',#179,#180);
#179 = CARTESIAN_POINT('',(46.574,44.709,0.E+000));
#180 = VECTOR('',#181,1.);
#181 = DIRECTION('',(0.E+000,0.E+000,1.));
#182 = ORIENTED_EDGE('',*,*,#183,.T.);
#183 = EDGE_CURVE('',#176,#176,#184,.T.);
#184 = CIRCLE('',#185,0.6);
#185 = AXIS2_PLACEMENT_3D('',#186,#187,#188);
#186 = CARTESIAN_POINT('',(45.974,44.709,0.41148));
#187 = DIRECTION('',(0.E+000,0.E+000,1.));
#188 = DIRECTION('',(1.,0.E+000,-0.E+000));
#189 = ORIENTED_EDGE('',*,*,#173,.F.);
#190 = ORIENTED_EDGE('',*,*,#191,.F.);
#191 = EDGE_CURVE('',#174,#174,#192,.T.);
#192 = CIRCLE('',#193,0.6);
#193 = AXIS2_PLACEMENT_3D('',#194,#195,#196);
#194 = CARTESIAN_POINT('',(45.974,44.709,0.E+000));
#195 = DIRECTION('',(0.E+000,0.E+000,1.));
#196 = DIRECTION('',(1.,0.E+000,-0.E+000));
#197 = CYLINDRICAL_SURFACE('',#198,0.6);
#198 = AXIS2_PLACEMENT_3D('',#199,#200,#201);
#199 = CARTESIAN_POINT('',(45.974,44.709,0.E+000));
#200 = DIRECTION('',(-0.E+000,-0.E+000,-1.));
#201 = DIRECTION('',(1.,0.E+000,-0.E+000));
#202 = ADVANCED_FACE('',(#203),#230,.F.);
#203 = FACE_BOUND('',#204,.T.);
#204 = EDGE_LOOP('',(#205,#215,#222,#223));
#205 = ORIENTED_EDGE('',*,*,#206,.T.);
#206 = EDGE_CURVE('',#207,#209,#211,.T.);
#207 = VERTEX_POINT('',#208);
#208 = CARTESIAN_POINT('',(44.034,44.709,0.E+000));
#209 = VERTEX_POINT('',#210);
#210 = CARTESIAN_POINT('',(44.034,44.709,0.41148));
#211 = LINE('',#212,#213);
#212 = CARTESIAN_POINT('',(44.034,44.709,0.E+000));
#213 = VECTOR('',#214,1.);
#214 = DIRECTION('',(0.E+000,0.E+000,1.));
#215 = ORIENTED_EDGE('',*,*,#216,.T.);
#216 = EDGE_CURVE('',#209,#209,#217,.T.);
#217 = CIRCLE('',#218,0.6);
#218 = AXIS2_PLACEMENT_3D('',#219,#220,#221);
#219 = CARTESIAN_POINT('',(43.434,44.709,0.41148));
#220 = DIRECTION('',(0.E+000,0.E+000,1.));
#221 = DIRECTION('',(1.,0.E+000,-0.E+000));
#222 = ORIENTED_EDGE('',*,*,#206,.F.);
#223 = ORIENTED_EDGE('',*,*,#224,.F.);
#224 = EDGE_CURVE('',#207,#207,#225,.T.);
#225 = CIRCLE('',#226,0.6);
#226 = AXIS2_PLACEMENT_3D('',#227,#228,#229);
#227 = CARTESIAN_POINT('',(43.434,44.709,0.E+000));
#228 = DIRECTION('',(0.E+000,0.E+000,1.));
#229 = DIRECTION('',(1.,0.E+000,-0.E+000));
#230 = CYLINDRICAL_SURFACE('',#231,0.6);
#231 = AXIS2_PLACEMENT_3D('',#232,#233,#234);
#232 = CARTESIAN_POINT('',(43.434,44.709,0.E+000));
#233 = DIRECTION('',(-0.E+000,-0.E+000,-1.));
#234 = DIRECTION('',(1.,0.E+000,-0.E+000));
#235 = ADVANCED_FACE('',(#236),#263,.F.);
#236 = FACE_BOUND('',#237,.T.);
#237 = EDGE_LOOP('',(#238,#248,#255,#256));
#238 = ORIENTED_EDGE('',*,*,#239,.T.);
#239 = EDGE_CURVE('',#240,#242,#244,.T.);
#240 = VERTEX_POINT('',#241);
#241 = CARTESIAN_POINT('',(49.114,44.709,0.E+000));
#242 = VERTEX_POINT('',#243);
#243 = CARTESIAN_POINT('',(49.114,44.709,0.41148));
#244 = LINE('',#245,#246);
#245 = CARTESIAN_POINT('',(49.114,44.709,0.E+000));
#246 = VECTOR('',#247,1.);
#247 = DIRECTION('',(0.E+000,0.E+000,1.));
#248 = ORIENTED_EDGE('',*,*,#249,.T.);
#249 = EDGE_CURVE('',#242,#242,#250,.T.);
#250 = CIRCLE('',#251,0.6);
#251 = AXIS2_PLACEMENT_3D('',#252,#253,#254);
#252 = CARTESIAN_POINT('',(48.514,44.709,0.41148));
#253 = DIRECTION('',(0.E+000,0.E+000,1.));
#254 = DIRECTION('',(1.,0.E+000,-0.E+000));
#255 = ORIENTED_EDGE('',*,*,#239,.F.);
#256 = ORIENTED_EDGE('',*,*,#257,.F.);
#257 = EDGE_CURVE('',#240,#240,#258,.T.);
#258 = CIRCLE('',#259,0.6);
#259 = AXIS2_PLACEMENT_3D('',#260,#261,#262);
#260 = CARTESIAN_POINT('',(48.514,44.709,0.E+000));
#261 = DIRECTION('',(0.E+000,0.E+000,1.));
#262 = DIRECTION('',(1.,0.E+000,-0.E+000));
#263 = CYLINDRICAL_SURFACE('',#264,0.6);
#264 = AXIS2_PLACEMENT_3D('',#265,#266,#267);
#265 = CARTESIAN_POINT('',(48.514,44.709,0.E+000));
#266 = DIRECTION('',(-0.E+000,-0.E+000,-1.));
#267 = DIRECTION('',(1.,0.E+000,-0.E+000));
#268 = ADVANCED_FACE('',(#269),#296,.F.);
#269 = FACE_BOUND('',#270,.T.);
#270 = EDGE_LOOP('',(#271,#281,#288,#289));
#271 = ORIENTED_EDGE('',*,*,#272,.T.);
#272 = EDGE_CURVE('',#273,#275,#277,.T.);
#273 = VERTEX_POINT('',#274);
#274 = CARTESIAN_POINT('',(51.654,44.709,0.E+000));
#275 = VERTEX_POINT('',#276);
#276 = CARTESIAN_POINT('',(51.654,44.709,0.41148));
#277 = LINE('',#278,#279);
#278 = CARTESIAN_POINT('',(51.654,44.709,0.E+000));
#279 = VECTOR('',#280,1.);
#280 = DIRECTION('',(0.E+000,0.E+000,1.));
#281 = ORIENTED_EDGE('',*,*,#282,.T.);
#282 = EDGE_CURVE('',#275,#275,#283,.T.);
#283 = CIRCLE('',#284,0.6);
#284 = AXIS2_PLACEMENT_3D('',#285,#286,#287);
#285 = CARTESIAN_POINT('',(51.054,44.709,0.41148));
#286 = DIRECTION('',(0.E+000,0.E+000,1.));
#287 = DIRECTION('',(1.,0.E+000,-0.E+000));
#288 = ORIENTED_EDGE('',*,*,#272,.F.);
#289 = ORIENTED_EDGE('',*,*,#290,.F.);
#290 = EDGE_CURVE('',#273,#273,#291,.T.);
#291 = CIRCLE('',#292,0.6);
#292 = AXIS2_PLACEMENT_3D('',#293,#294,#295);
#293 = CARTESIAN_POINT('',(51.054,44.709,0.E+000));
#294 = DIRECTION('',(0.E+000,0.E+000,1.));
#295 = DIRECTION('',(1.,0.E+000,-0.E+000));
#296 = CYLINDRICAL_SURFACE('',#297,0.6);
#297 = AXIS2_PLACEMENT_3D('',#298,#299,#300);
#298 = CARTESIAN_POINT('',(51.054,44.709,0.E+000));
#299 = DIRECTION('',(-0.E+000,-0.E+000,-1.));
#300 = DIRECTION('',(1.,0.E+000,-0.E+000));
#301 = ADVANCED_FACE('',(#302),#329,.F.);
#302 = FACE_BOUND('',#303,.T.);
#303 = EDGE_LOOP('',(#304,#314,#321,#322));
#304 = ORIENTED_EDGE('',*,*,#305,.T.);
#305 = EDGE_CURVE('',#306,#308,#310,.T.);
#306 = VERTEX_POINT('',#307);
#307 = CARTESIAN_POINT('',(53.035,50.35,0.E+000));
#308 = VERTEX_POINT('',#309);
#309 = CARTESIAN_POINT('',(53.035,50.35,0.41148));
#310 = LINE('',#311,#312);
#311 = CARTESIAN_POINT('',(53.035,50.35,0.E+000));
#312 = VECTOR('',#313,1.);
#313 = DIRECTION('',(0.E+000,0.E+000,1.));
#314 = ORIENTED_EDGE('',*,*,#315,.T.);
#315 = EDGE_CURVE('',#308,#308,#316,.T.);
#316 = CIRCLE('',#317,1.6);
#317 = AXIS2_PLACEMENT_3D('',#318,#319,#320);
#318 = CARTESIAN_POINT('',(51.435,50.35,0.41148));
#319 = DIRECTION('',(0.E+000,0.E+000,1.));
#320 = DIRECTION('',(1.,0.E+000,-0.E+000));
#321 = ORIENTED_EDGE('',*,*,#305,.F.);
#322 = ORIENTED_EDGE('',*,*,#323,.F.);
#323 = EDGE_CURVE('',#306,#306,#324,.T.);
#324 = CIRCLE('',#325,1.6);
#325 = AXIS2_PLACEMENT_3D('',#326,#327,#328);
#326 = CARTESIAN_POINT('',(51.435,50.35,0.E+000));
#327 = DIRECTION('',(0.E+000,0.E+000,1.));
#328 = DIRECTION('',(1.,0.E+000,-0.E+000));
#329 = CYLINDRICAL_SURFACE('',#330,1.6);
#330 = AXIS2_PLACEMENT_3D('',#331,#332,#333);
#331 = CARTESIAN_POINT('',(51.435,50.35,0.E+000));
#332 = DIRECTION('',(-0.E+000,-0.E+000,-1.));
#333 = DIRECTION('',(1.,0.E+000,-0.E+000));
#334 = ADVANCED_FACE('',(#335),#362,.F.);
#335 = FACE_BOUND('',#336,.T.);
#336 = EDGE_LOOP('',(#337,#347,#354,#355));
#337 = ORIENTED_EDGE('',*,*,#338,.T.);
#338 = EDGE_CURVE('',#339,#341,#343,.T.);
#339 = VERTEX_POINT('',#340);
#340 = CARTESIAN_POINT('',(48.577,62.103,0.E+000));
#341 = VERTEX_POINT('',#342);
#342 = CARTESIAN_POINT('',(48.577,62.103,0.41148));
#343 = LINE('',#344,#345);
#344 = CARTESIAN_POINT('',(48.577,62.103,0.E+000));
#345 = VECTOR('',#346,1.);
#346 = DIRECTION('',(0.E+000,0.E+000,1.));
#347 = ORIENTED_EDGE('',*,*,#348,.T.);
#348 = EDGE_CURVE('',#341,#341,#349,.T.);
#349 = CIRCLE('',#350,0.444);
#350 = AXIS2_PLACEMENT_3D('',#351,#352,#353);
#351 = CARTESIAN_POINT('',(48.133,62.103,0.41148));
#352 = DIRECTION('',(0.E+000,0.E+000,1.));
#353 = DIRECTION('',(1.,0.E+000,-0.E+000));
#354 = ORIENTED_EDGE('',*,*,#338,.F.);
#355 = ORIENTED_EDGE('',*,*,#356,.F.);
#356 = EDGE_CURVE('',#339,#339,#357,.T.);
#357 = CIRCLE('',#358,0.444);
#358 = AXIS2_PLACEMENT_3D('',#359,#360,#361);
#359 = CARTESIAN_POINT('',(48.133,62.103,0.E+000));
#360 = DIRECTION('',(0.E+000,0.E+000,1.));
#361 = DIRECTION('',(1.,0.E+000,-0.E+000));
#362 = CYLINDRICAL_SURFACE('',#363,0.444);
#363 = AXIS2_PLACEMENT_3D('',#364,#365,#366);
#364 = CARTESIAN_POINT('',(48.133,62.103,0.E+000));
#365 = DIRECTION('',(-0.E+000,-0.E+000,-1.));
#366 = DIRECTION('',(1.,0.E+000,-0.E+000));
#367 = ADVANCED_FACE('',(#368),#395,.F.);
#368 = FACE_BOUND('',#369,.T.);
#369 = EDGE_LOOP('',(#370,#380,#387,#388));
#370 = ORIENTED_EDGE('',*,*,#371,.T.);
#371 = EDGE_CURVE('',#372,#374,#376,.T.);
#372 = VERTEX_POINT('',#373);
#373 = CARTESIAN_POINT('',(46.037,74.803,0.E+000));
#374 = VERTEX_POINT('',#375);
#375 = CARTESIAN_POINT('',(46.037,74.803,0.41148));
#376 = LINE('',#377,#378);
#377 = CARTESIAN_POINT('',(46.037,74.803,0.E+000));
#378 = VECTOR('',#379,1.);
#379 = DIRECTION('',(0.E+000,0.E+000,1.));
#380 = ORIENTED_EDGE('',*,*,#381,.T.);
#381 = EDGE_CURVE('',#374,#374,#382,.T.);
#382 = CIRCLE('',#383,0.444);
#383 = AXIS2_PLACEMENT_3D('',#384,#385,#386);
#384 = CARTESIAN_POINT('',(45.593,74.803,0.41148));
#385 = DIRECTION('',(0.E+000,0.E+000,1.));
#386 = DIRECTION('',(1.,0.E+000,-0.E+000));
#387 = ORIENTED_EDGE('',*,*,#371,.F.);
#388 = ORIENTED_EDGE('',*,*,#389,.F.);
#389 = EDGE_CURVE('',#372,#372,#390,.T.);
#390 = CIRCLE('',#391,0.444);
#391 = AXIS2_PLACEMENT_3D('',#392,#393,#394);
#392 = CARTESIAN_POINT('',(45.593,74.803,0.E+000));
#393 = DIRECTION('',(0.E+000,0.E+000,1.));
#394 = DIRECTION('',(1.,0.E+000,-0.E+000));
#395 = CYLINDRICAL_SURFACE('',#396,0.444);
#396 = AXIS2_PLACEMENT_3D('',#397,#398,#399);
#397 = CARTESIAN_POINT('',(45.593,74.803,0.E+000));
#398 = DIRECTION('',(-0.E+000,-0.E+000,-1.));
#399 = DIRECTION('',(1.,0.E+000,-0.E+000));
#400 = ADVANCED_FACE('',(#401),#428,.F.);
#401 = FACE_BOUND('',#402,.T.);
#402 = EDGE_LOOP('',(#403,#413,#420,#421));
#403 = ORIENTED_EDGE('',*,*,#404,.T.);
#404 = EDGE_CURVE('',#405,#407,#409,.T.);
#405 = VERTEX_POINT('',#406);
#406 = CARTESIAN_POINT('',(46.037,62.103,0.E+000));
#407 = VERTEX_POINT('',#408);
#408 = CARTESIAN_POINT('',(46.037,62.103,0.41148));
#409 = LINE('',#410,#411);
#410 = CARTESIAN_POINT('',(46.037,62.103,0.E+000));
#411 = VECTOR('',#412,1.);
#412 = DIRECTION('',(0.E+000,0.E+000,1.));
#413 = ORIENTED_EDGE('',*,*,#414,.T.);
#414 = EDGE_CURVE('',#407,#407,#415,.T.);
#415 = CIRCLE('',#416,0.444);
#416 = AXIS2_PLACEMENT_3D('',#417,#418,#419);
#417 = CARTESIAN_POINT('',(45.593,62.103,0.41148));
#418 = DIRECTION('',(0.E+000,0.E+000,1.));
#419 = DIRECTION('',(1.,0.E+000,-0.E+000));
#420 = ORIENTED_EDGE('',*,*,#404,.F.);
#421 = ORIENTED_EDGE('',*,*,#422,.F.);
#422 = EDGE_CURVE('',#405,#405,#423,.T.);
#423 = CIRCLE('',#424,0.444);
#424 = AXIS2_PLACEMENT_3D('',#425,#426,#427);
#425 = CARTESIAN_POINT('',(45.593,62.103,0.E+000));
#426 = DIRECTION('',(0.E+000,0.E+000,1.));
#427 = DIRECTION('',(1.,0.E+000,-0.E+000));
#428 = CYLINDRICAL_SURFACE('',#429,0.444);
#429 = AXIS2_PLACEMENT_3D('',#430,#431,#432);
#430 = CARTESIAN_POINT('',(45.593,62.103,0.E+000));
#431 = DIRECTION('',(-0.E+000,-0.E+000,-1.));
#432 = DIRECTION('',(1.,0.E+000,-0.E+000));
#433 = ADVANCED_FACE('',(#434),#461,.F.);
#434 = FACE_BOUND('',#435,.T.);
#435 = EDGE_LOOP('',(#436,#446,#453,#454));
#436 = ORIENTED_EDGE('',*,*,#437,.T.);
#437 = EDGE_CURVE('',#438,#440,#442,.T.);
#438 = VERTEX_POINT('',#439);
#439 = CARTESIAN_POINT('',(51.117,62.103,0.E+000));
#440 = VERTEX_POINT('',#441);
#441 = CARTESIAN_POINT('',(51.117,62.103,0.41148));
#442 = LINE('',#443,#444);
#443 = CARTESIAN_POINT('',(51.117,62.103,0.E+000));
#444 = VECTOR('',#445,1.);
#445 = DIRECTION('',(0.E+000,0.E+000,1.));
#446 = ORIENTED_EDGE('',*,*,#447,.T.);
#447 = EDGE_CURVE('',#440,#440,#448,.T.);
#448 = CIRCLE('',#449,0.444);
#449 = AXIS2_PLACEMENT_3D('',#450,#451,#452);
#450 = CARTESIAN_POINT('',(50.673,62.103,0.41148));
#451 = DIRECTION('',(0.E+000,0.E+000,1.));
#452 = DIRECTION('',(1.,0.E+000,-0.E+000));
#453 = ORIENTED_EDGE('',*,*,#437,.F.);
#454 = ORIENTED_EDGE('',*,*,#455,.F.);
#455 = EDGE_CURVE('',#438,#438,#456,.T.);
#456 = CIRCLE('',#457,0.444);
#457 = AXIS2_PLACEMENT_3D('',#458,#459,#460);
#458 = CARTESIAN_POINT('',(50.673,62.103,0.E+000));
#459 = DIRECTION('',(0.E+000,0.E+000,1.));
#460 = DIRECTION('',(1.,0.E+000,-0.E+000));
#461 = CYLINDRICAL_SURFACE('',#462,0.444);
#462 = AXIS2_PLACEMENT_3D('',#463,#464,#465);
#463 = CARTESIAN_POINT('',(50.673,62.103,0.E+000));
#464 = DIRECTION('',(-0.E+000,-0.E+000,-1.));
#465 = DIRECTION('',(1.,0.E+000,-0.E+000));
#466 = ADVANCED_FACE('',(#467),#494,.F.);
#467 = FACE_BOUND('',#468,.T.);
#468 = EDGE_LOOP('',(#469,#479,#486,#487));
#469 = ORIENTED_EDGE('',*,*,#470,.T.);
#470 = EDGE_CURVE('',#471,#473,#475,.T.);
#471 = VERTEX_POINT('',#472);
#472 = CARTESIAN_POINT('',(48.577,74.803,0.E+000));
#473 = VERTEX_POINT('',#474);
#474 = CARTESIAN_POINT('',(48.577,74.803,0.41148));
#475 = LINE('',#476,#477);
#476 = CARTESIAN_POINT('',(48.577,74.803,0.E+000));
#477 = VECTOR('',#478,1.);
#478 = DIRECTION('',(0.E+000,0.E+000,1.));
#479 = ORIENTED_EDGE('',*,*,#480,.T.);
#480 = EDGE_CURVE('',#473,#473,#481,.T.);
#481 = CIRCLE('',#482,0.444);
#482 = AXIS2_PLACEMENT_3D('',#483,#484,#485);
#483 = CARTESIAN_POINT('',(48.133,74.803,0.41148));
#484 = DIRECTION('',(0.E+000,0.E+000,1.));
#485 = DIRECTION('',(1.,0.E+000,-0.E+000));
#486 = ORIENTED_EDGE('',*,*,#470,.F.);
#487 = ORIENTED_EDGE('',*,*,#488,.F.);
#488 = EDGE_CURVE('',#471,#471,#489,.T.);
#489 = CIRCLE('',#490,0.444);
#490 = AXIS2_PLACEMENT_3D('',#491,#492,#493);
#491 = CARTESIAN_POINT('',(48.133,74.803,0.E+000));
#492 = DIRECTION('',(0.E+000,0.E+000,1.));
#493 = DIRECTION('',(1.,0.E+000,-0.E+000));
#494 = CYLINDRICAL_SURFACE('',#495,0.444);
#495 = AXIS2_PLACEMENT_3D('',#496,#497,#498);
#496 = CARTESIAN_POINT('',(48.133,74.803,0.E+000));
#497 = DIRECTION('',(-0.E+000,-0.E+000,-1.));
#498 = DIRECTION('',(1.,0.E+000,-0.E+000));
#499 = ADVANCED_FACE('',(#500),#527,.F.);
#500 = FACE_BOUND('',#501,.T.);
#501 = EDGE_LOOP('',(#502,#512,#519,#520));
#502 = ORIENTED_EDGE('',*,*,#503,.T.);
#503 = EDGE_CURVE('',#504,#506,#508,.T.);
#504 = VERTEX_POINT('',#505);
#505 = CARTESIAN_POINT('',(51.117,74.803,0.E+000));
#506 = VERTEX_POINT('',#507);
#507 = CARTESIAN_POINT('',(51.117,74.803,0.41148));
#508 = LINE('',#509,#510);
#509 = CARTESIAN_POINT('',(51.117,74.803,0.E+000));
#510 = VECTOR('',#511,1.);
#511 = DIRECTION('',(0.E+000,0.E+000,1.));
#512 = ORIENTED_EDGE('',*,*,#513,.T.);
#513 = EDGE_CURVE('',#506,#506,#514,.T.);
#514 = CIRCLE('',#515,0.444);
#515 = AXIS2_PLACEMENT_3D('',#516,#517,#518);
#516 = CARTESIAN_POINT('',(50.673,74.803,0.41148));
#517 = DIRECTION('',(0.E+000,0.E+000,1.));
#518 = DIRECTION('',(1.,0.E+000,-0.E+000));
#519 = ORIENTED_EDGE('',*,*,#503,.F.);
#520 = ORIENTED_EDGE('',*,*,#521,.F.);
#521 = EDGE_CURVE('',#504,#504,#522,.T.);
#522 = CIRCLE('',#523,0.444);
#523 = AXIS2_PLACEMENT_3D('',#524,#525,#526);
#524 = CARTESIAN_POINT('',(50.673,74.803,0.E+000));
#525 = DIRECTION('',(0.E+000,0.E+000,1.));
#526 = DIRECTION('',(1.,0.E+000,-0.E+000));
#527 = CYLINDRICAL_SURFACE('',#528,0.444);
#528 = AXIS2_PLACEMENT_3D('',#529,#530,#531);
#529 = CARTESIAN_POINT('',(50.673,74.803,0.E+000));
#530 = DIRECTION('',(-0.E+000,-0.E+000,-1.));
#531 = DIRECTION('',(1.,0.E+000,-0.E+000));
#532 = ADVANCED_FACE('',(#533),#560,.F.);
#533 = FACE_BOUND('',#534,.T.);
#534 = EDGE_LOOP('',(#535,#545,#552,#553));
#535 = ORIENTED_EDGE('',*,*,#536,.T.);
#536 = EDGE_CURVE('',#537,#539,#541,.T.);
#537 = VERTEX_POINT('',#538);
#538 = CARTESIAN_POINT('',(54.194,44.709,0.E+000));
#539 = VERTEX_POINT('',#540);
#540 = CARTESIAN_POINT('',(54.194,44.709,0.41148));
#541 = LINE('',#542,#543);
#542 = CARTESIAN_POINT('',(54.194,44.709,0.E+000));
#543 = VECTOR('',#544,1.);
#544 = DIRECTION('',(0.E+000,0.E+000,1.));
#545 = ORIENTED_EDGE('',*,*,#546,.T.);
#546 = EDGE_CURVE('',#539,#539,#547,.T.);
#547 = CIRCLE('',#548,0.6);
#548 = AXIS2_PLACEMENT_3D('',#549,#550,#551);
#549 = CARTESIAN_POINT('',(53.594,44.709,0.41148));
#550 = DIRECTION('',(0.E+000,0.E+000,1.));
#551 = DIRECTION('',(1.,0.E+000,-0.E+000));
#552 = ORIENTED_EDGE('',*,*,#536,.F.);
#553 = ORIENTED_EDGE('',*,*,#554,.F.);
#554 = EDGE_CURVE('',#537,#537,#555,.T.);
#555 = CIRCLE('',#556,0.6);
#556 = AXIS2_PLACEMENT_3D('',#557,#558,#559);
#557 = CARTESIAN_POINT('',(53.594,44.709,0.E+000));
#558 = DIRECTION('',(0.E+000,0.E+000,1.));
#559 = DIRECTION('',(1.,0.E+000,-0.E+000));
#560 = CYLINDRICAL_SURFACE('',#561,0.6);
#561 = AXIS2_PLACEMENT_3D('',#562,#563,#564);
#562 = CARTESIAN_POINT('',(53.594,44.709,0.E+000));
#563 = DIRECTION('',(-0.E+000,-0.E+000,-1.));
#564 = DIRECTION('',(1.,0.E+000,-0.E+000));
#565 = ADVANCED_FACE('',(#566),#593,.F.);
#566 = FACE_BOUND('',#567,.T.);
#567 = EDGE_LOOP('',(#568,#578,#585,#586));
#568 = ORIENTED_EDGE('',*,*,#569,.T.);
#569 = EDGE_CURVE('',#570,#572,#574,.T.);
#570 = VERTEX_POINT('',#571);
#571 = CARTESIAN_POINT('',(56.197,62.103,0.E+000));
#572 = VERTEX_POINT('',#573);
#573 = CARTESIAN_POINT('',(56.197,62.103,0.41148));
#574 = LINE('',#575,#576);
#575 = CARTESIAN_POINT('',(56.197,62.103,0.E+000));
#576 = VECTOR('',#577,1.);
#577 = DIRECTION('',(0.E+000,0.E+000,1.));
#578 = ORIENTED_EDGE('',*,*,#579,.T.);
#579 = EDGE_CURVE('',#572,#572,#580,.T.);
#580 = CIRCLE('',#581,0.444);
#581 = AXIS2_PLACEMENT_3D('',#582,#583,#584);
#582 = CARTESIAN_POINT('',(55.753,62.103,0.41148));
#583 = DIRECTION('',(0.E+000,0.E+000,1.));
#584 = DIRECTION('',(1.,0.E+000,-0.E+000));
#585 = ORIENTED_EDGE('',*,*,#569,.F.);
#586 = ORIENTED_EDGE('',*,*,#587,.F.);
#587 = EDGE_CURVE('',#570,#570,#588,.T.);
#588 = CIRCLE('',#589,0.444);
#589 = AXIS2_PLACEMENT_3D('',#590,#591,#592);
#590 = CARTESIAN_POINT('',(55.753,62.103,0.E+000));
#591 = DIRECTION('',(0.E+000,0.E+000,1.));
#592 = DIRECTION('',(1.,0.E+000,-0.E+000));
#593 = CYLINDRICAL_SURFACE('',#594,0.444);
#594 = AXIS2_PLACEMENT_3D('',#595,#596,#597);
#595 = CARTESIAN_POINT('',(55.753,62.103,0.E+000));
#596 = DIRECTION('',(-0.E+000,-0.E+000,-1.));
#597 = DIRECTION('',(1.,0.E+000,-0.E+000));
#598 = ADVANCED_FACE('',(#599),#626,.F.);
#599 = FACE_BOUND('',#600,.T.);
#600 = EDGE_LOOP('',(#601,#611,#618,#619));
#601 = ORIENTED_EDGE('',*,*,#602,.T.);
#602 = EDGE_CURVE('',#603,#605,#607,.T.);
#603 = VERTEX_POINT('',#604);
#604 = CARTESIAN_POINT('',(75.607,43.815,0.E+000));
#605 = VERTEX_POINT('',#606);
#606 = CARTESIAN_POINT('',(75.607,43.815,0.41148));
#607 = LINE('',#608,#609);
#608 = CARTESIAN_POINT('',(75.607,43.815,0.E+000));
#609 = VECTOR('',#610,1.);
#610 = DIRECTION('',(0.E+000,0.E+000,1.));
#611 = ORIENTED_EDGE('',*,*,#612,.T.);
#612 = EDGE_CURVE('',#605,#605,#613,.T.);
#613 = CIRCLE('',#614,0.55);
#614 = AXIS2_PLACEMENT_3D('',#615,#616,#617);
#615 = CARTESIAN_POINT('',(75.057,43.815,0.41148));
#616 = DIRECTION('',(0.E+000,0.E+000,1.));
#617 = DIRECTION('',(1.,0.E+000,-0.E+000));
#618 = ORIENTED_EDGE('',*,*,#602,.F.);
#619 = ORIENTED_EDGE('',*,*,#620,.F.);
#620 = EDGE_CURVE('',#603,#603,#621,.T.);
#621 = CIRCLE('',#622,0.55);
#622 = AXIS2_PLACEMENT_3D('',#623,#624,#625);
#623 = CARTESIAN_POINT('',(75.057,43.815,0.E+000));
#624 = DIRECTION('',(0.E+000,0.E+000,1.));
#625 = DIRECTION('',(1.,0.E+000,-0.E+000));
#626 = CYLINDRICAL_SURFACE('',#627,0.55);
#627 = AXIS2_PLACEMENT_3D('',#628,#629,#630);
#628 = CARTESIAN_POINT('',(75.057,43.815,0.E+000));
#629 = DIRECTION('',(-0.E+000,-0.E+000,-1.));
#630 = DIRECTION('',(1.,0.E+000,-0.E+000));
#631 = ADVANCED_FACE('',(#632),#668,.F.);
#632 = FACE_BOUND('',#633,.T.);
#633 = EDGE_LOOP('',(#634,#644,#653,#661));
#634 = ORIENTED_EDGE('',*,*,#635,.T.);
#635 = EDGE_CURVE('',#636,#638,#640,.T.);
#636 = VERTEX_POINT('',#637);
#637 = CARTESIAN_POINT('',(61.236606,44.0520074,0.E+000));
#638 = VERTEX_POINT('',#639);
#639 = CARTESIAN_POINT('',(61.236606,44.0520074,0.41148));
#640 = LINE('',#641,#642);
#641 = CARTESIAN_POINT('',(61.236606,44.0520074,0.E+000));
#642 = VECTOR('',#643,1.);
#643 = DIRECTION('',(0.E+000,0.E+000,1.));
#644 = ORIENTED_EDGE('',*,*,#645,.T.);
#645 = EDGE_CURVE('',#638,#646,#648,.T.);
#646 = VERTEX_POINT('',#647);
#647 = CARTESIAN_POINT('',(61.236606,45.1019926,0.41148));
#648 = CIRCLE('',#649,0.5249926);
#649 = AXIS2_PLACEMENT_3D('',#650,#651,#652);
#650 = CARTESIAN_POINT('',(61.236606,44.577,0.41148));
#651 = DIRECTION('',(0.E+000,0.E+000,1.));
#652 = DIRECTION('',(-0.E+000,-1.,0.E+000));
#653 = ORIENTED_EDGE('',*,*,#654,.F.);
#654 = EDGE_CURVE('',#655,#646,#657,.T.);
#655 = VERTEX_POINT('',#656);
#656 = CARTESIAN_POINT('',(61.236606,45.1019926,0.E+000));
#657 = LINE('',#658,#659);
#658 = CARTESIAN_POINT('',(61.236606,45.1019926,0.E+000));
#659 = VECTOR('',#660,1.);
#660 = DIRECTION('',(0.E+000,0.E+000,1.));
#661 = ORIENTED_EDGE('',*,*,#662,.F.);
#662 = EDGE_CURVE('',#636,#655,#663,.T.);
#663 = CIRCLE('',#664,0.5249926);
#664 = AXIS2_PLACEMENT_3D('',#665,#666,#667);
#665 = CARTESIAN_POINT('',(61.236606,44.577,0.E+000));
#666 = DIRECTION('',(0.E+000,0.E+000,1.));
#667 = DIRECTION('',(-0.E+000,-1.,0.E+000));
#668 = CYLINDRICAL_SURFACE('',#669,0.5249926);
#669 = AXIS2_PLACEMENT_3D('',#670,#671,#672);
#670 = CARTESIAN_POINT('',(61.236606,44.577,0.E+000));
#671 = DIRECTION('',(-0.E+000,-0.E+000,-1.));
#672 = DIRECTION('',(-0.E+000,-1.,0.E+000));
#673 = ADVANCED_FACE('',(#674),#699,.T.);
#674 = FACE_BOUND('',#675,.T.);
#675 = EDGE_LOOP('',(#676,#686,#692,#693));
#676 = ORIENTED_EDGE('',*,*,#677,.T.);
#677 = EDGE_CURVE('',#678,#680,#682,.T.);
#678 = VERTEX_POINT('',#679);
#679 = CARTESIAN_POINT('',(61.231526,44.0520074,0.E+000));
#680 = VERTEX_POINT('',#681);
#681 = CARTESIAN_POINT('',(61.231526,44.0520074,0.41148));
#682 = LINE('',#683,#684);
#683 = CARTESIAN_POINT('',(61.231526,44.0520074,0.E+000));
#684 = VECTOR('',#685,1.);
#685 = DIRECTION('',(0.E+000,0.E+000,1.));
#686 = ORIENTED_EDGE('',*,*,#687,.T.);
#687 = EDGE_CURVE('',#680,#638,#688,.T.);
#688 = LINE('',#689,#690);
#689 = CARTESIAN_POINT('',(61.231526,44.0520074,0.41148));
#690 = VECTOR('',#691,1.);
#691 = DIRECTION('',(1.,0.E+000,0.E+000));
#692 = ORIENTED_EDGE('',*,*,#635,.F.);
#693 = ORIENTED_EDGE('',*,*,#694,.F.);
#694 = EDGE_CURVE('',#678,#636,#695,.T.);
#695 = LINE('',#696,#697);
#696 = CARTESIAN_POINT('',(61.231526,44.0520074,0.E+000));
#697 = VECTOR('',#698,1.);
#698 = DIRECTION('',(1.,0.E+000,0.E+000));
#699 = PLANE('',#700);
#700 = AXIS2_PLACEMENT_3D('',#701,#702,#703);
#701 = CARTESIAN_POINT('',(61.231526,44.0520074,0.E+000));
#702 = DIRECTION('',(0.E+000,1.,0.E+000));
#703 = DIRECTION('',(1.,0.E+000,0.E+000));
#704 = ADVANCED_FACE('',(#705),#732,.F.);
#705 = FACE_BOUND('',#706,.T.);
#706 = EDGE_LOOP('',(#707,#717,#724,#725));
#707 = ORIENTED_EDGE('',*,*,#708,.T.);
#708 = EDGE_CURVE('',#709,#711,#713,.T.);
#709 = VERTEX_POINT('',#710);
#710 = CARTESIAN_POINT('',(61.231526,45.1019926,0.E+000));
#711 = VERTEX_POINT('',#712);
#712 = CARTESIAN_POINT('',(61.231526,45.1019926,0.41148));
#713 = LINE('',#714,#715);
#714 = CARTESIAN_POINT('',(61.231526,45.1019926,0.E+000));
#715 = VECTOR('',#716,1.);
#716 = DIRECTION('',(0.E+000,0.E+000,1.));
#717 = ORIENTED_EDGE('',*,*,#718,.T.);
#718 = EDGE_CURVE('',#711,#680,#719,.T.);
#719 = CIRCLE('',#720,0.5249926);
#720 = AXIS2_PLACEMENT_3D('',#721,#722,#723);
#721 = CARTESIAN_POINT('',(61.231526,44.577,0.41148));
#722 = DIRECTION('',(0.E+000,-0.E+000,1.));
#723 = DIRECTION('',(0.E+000,1.,0.E+000));
#724 = ORIENTED_EDGE('',*,*,#677,.F.);
#725 = ORIENTED_EDGE('',*,*,#726,.F.);
#726 = EDGE_CURVE('',#709,#678,#727,.T.);
#727 = CIRCLE('',#728,0.5249926);
#728 = AXIS2_PLACEMENT_3D('',#729,#730,#731);
#729 = CARTESIAN_POINT('',(61.231526,44.577,0.E+000));
#730 = DIRECTION('',(0.E+000,-0.E+000,1.));
#731 = DIRECTION('',(0.E+000,1.,0.E+000));
#732 = CYLINDRICAL_SURFACE('',#733,0.5249926);
#733 = AXIS2_PLACEMENT_3D('',#734,#735,#736);
#734 = CARTESIAN_POINT('',(61.231526,44.577,0.E+000));
#735 = DIRECTION('',(-0.E+000,0.E+000,-1.));
#736 = DIRECTION('',(0.E+000,1.,0.E+000));
#737 = ADVANCED_FACE('',(#738),#754,.T.);
#738 = FACE_BOUND('',#739,.T.);
#739 = EDGE_LOOP('',(#740,#741,#747,#748));
#740 = ORIENTED_EDGE('',*,*,#654,.T.);
#741 = ORIENTED_EDGE('',*,*,#742,.T.);
#742 = EDGE_CURVE('',#646,#711,#743,.T.);
#743 = LINE('',#744,#745);
#744 = CARTESIAN_POINT('',(61.236606,45.1019926,0.41148));
#745 = VECTOR('',#746,1.);
#746 = DIRECTION('',(-1.,0.E+000,0.E+000));
#747 = ORIENTED_EDGE('',*,*,#708,.F.);
#748 = ORIENTED_EDGE('',*,*,#749,.F.);
#749 = EDGE_CURVE('',#655,#709,#750,.T.);
#750 = LINE('',#751,#752);
#751 = CARTESIAN_POINT('',(61.236606,45.1019926,0.E+000));
#752 = VECTOR('',#753,1.);
#753 = DIRECTION('',(-1.,0.E+000,0.E+000));
#754 = PLANE('',#755);
#755 = AXIS2_PLACEMENT_3D('',#756,#757,#758);
#756 = CARTESIAN_POINT('',(61.236606,45.1019926,0.E+000));
#757 = DIRECTION('',(0.E+000,-1.,0.E+000));
#758 = DIRECTION('',(-1.,0.E+000,0.E+000));
#759 = ADVANCED_FACE('',(#760),#796,.F.);
#760 = FACE_BOUND('',#761,.T.);
#761 = EDGE_LOOP('',(#762,#772,#781,#789));
#762 = ORIENTED_EDGE('',*,*,#763,.T.);
#763 = EDGE_CURVE('',#764,#766,#768,.T.);
#764 = VERTEX_POINT('',#765);
#765 = CARTESIAN_POINT('',(63.736474,44.0520074,0.E+000));
#766 = VERTEX_POINT('',#767);
#767 = CARTESIAN_POINT('',(63.736474,44.0520074,0.41148));
#768 = LINE('',#769,#770);
#769 = CARTESIAN_POINT('',(63.736474,44.0520074,0.E+000));
#770 = VECTOR('',#771,1.);
#771 = DIRECTION('',(0.E+000,0.E+000,1.));
#772 = ORIENTED_EDGE('',*,*,#773,.T.);
#773 = EDGE_CURVE('',#766,#774,#776,.T.);
#774 = VERTEX_POINT('',#775);
#775 = CARTESIAN_POINT('',(63.736474,45.1019926,0.41148));
#776 = CIRCLE('',#777,0.5249926);
#777 = AXIS2_PLACEMENT_3D('',#778,#779,#780);
#778 = CARTESIAN_POINT('',(63.736474,44.577,0.41148));
#779 = DIRECTION('',(0.E+000,-0.E+000,1.));
#780 = DIRECTION('',(1.353433811753E-014,-1.,-0.E+000));
#781 = ORIENTED_EDGE('',*,*,#782,.F.);
#782 = EDGE_CURVE('',#783,#774,#785,.T.);
#783 = VERTEX_POINT('',#784);
#784 = CARTESIAN_POINT('',(63.736474,45.1019926,0.E+000));
#785 = LINE('',#786,#787);
#786 = CARTESIAN_POINT('',(63.736474,45.1019926,0.E+000));
#787 = VECTOR('',#788,1.);
#788 = DIRECTION('',(0.E+000,0.E+000,1.));
#789 = ORIENTED_EDGE('',*,*,#790,.F.);
#790 = EDGE_CURVE('',#764,#783,#791,.T.);
#791 = CIRCLE('',#792,0.5249926);
#792 = AXIS2_PLACEMENT_3D('',#793,#794,#795);
#793 = CARTESIAN_POINT('',(63.736474,44.577,0.E+000));
#794 = DIRECTION('',(0.E+000,-0.E+000,1.));
#795 = DIRECTION('',(1.353433811753E-014,-1.,-0.E+000));
#796 = CYLINDRICAL_SURFACE('',#797,0.5249926);
#797 = AXIS2_PLACEMENT_3D('',#798,#799,#800);
#798 = CARTESIAN_POINT('',(63.736474,44.577,0.E+000));
#799 = DIRECTION('',(-0.E+000,0.E+000,-1.));
#800 = DIRECTION('',(1.353433811753E-014,-1.,-0.E+000));
#801 = ADVANCED_FACE('',(#802),#827,.T.);
#802 = FACE_BOUND('',#803,.T.);
#803 = EDGE_LOOP('',(#804,#814,#820,#821));
#804 = ORIENTED_EDGE('',*,*,#805,.T.);
#805 = EDGE_CURVE('',#806,#808,#810,.T.);
#806 = VERTEX_POINT('',#807);
#807 = CARTESIAN_POINT('',(63.731394,44.0520074,0.E+000));
#808 = VERTEX_POINT('',#809);
#809 = CARTESIAN_POINT('',(63.731394,44.0520074,0.41148));
#810 = LINE('',#811,#812);
#811 = CARTESIAN_POINT('',(63.731394,44.0520074,0.E+000));
#812 = VECTOR('',#813,1.);
#813 = DIRECTION('',(0.E+000,0.E+000,1.));
#814 = ORIENTED_EDGE('',*,*,#815,.T.);
#815 = EDGE_CURVE('',#808,#766,#816,.T.);
#816 = LINE('',#817,#818);
#817 = CARTESIAN_POINT('',(63.731394,44.0520074,0.41148));
#818 = VECTOR('',#819,1.);
#819 = DIRECTION('',(1.,0.E+000,0.E+000));
#820 = ORIENTED_EDGE('',*,*,#763,.F.);
#821 = ORIENTED_EDGE('',*,*,#822,.F.);
#822 = EDGE_CURVE('',#806,#764,#823,.T.);
#823 = LINE('',#824,#825);
#824 = CARTESIAN_POINT('',(63.731394,44.0520074,0.E+000));
#825 = VECTOR('',#826,1.);
#826 = DIRECTION('',(1.,0.E+000,0.E+000));
#827 = PLANE('',#828);
#828 = AXIS2_PLACEMENT_3D('',#829,#830,#831);
#829 = CARTESIAN_POINT('',(63.731394,44.0520074,0.E+000));
#830 = DIRECTION('',(0.E+000,1.,0.E+000));
#831 = DIRECTION('',(1.,0.E+000,0.E+000));
#832 = ADVANCED_FACE('',(#833),#860,.F.);
#833 = FACE_BOUND('',#834,.T.);
#834 = EDGE_LOOP('',(#835,#845,#852,#853));
#835 = ORIENTED_EDGE('',*,*,#836,.T.);
#836 = EDGE_CURVE('',#837,#839,#841,.T.);
#837 = VERTEX_POINT('',#838);
#838 = CARTESIAN_POINT('',(63.731394,45.1019926,0.E+000));
#839 = VERTEX_POINT('',#840);
#840 = CARTESIAN_POINT('',(63.731394,45.1019926,0.41148));
#841 = LINE('',#842,#843);
#842 = CARTESIAN_POINT('',(63.731394,45.1019926,0.E+000));
#843 = VECTOR('',#844,1.);
#844 = DIRECTION('',(0.E+000,0.E+000,1.));
#845 = ORIENTED_EDGE('',*,*,#846,.T.);
#846 = EDGE_CURVE('',#839,#808,#847,.T.);
#847 = CIRCLE('',#848,0.5249926);
#848 = AXIS2_PLACEMENT_3D('',#849,#850,#851);
#849 = CARTESIAN_POINT('',(63.731394,44.577,0.41148));
#850 = DIRECTION('',(0.E+000,-0.E+000,1.));
#851 = DIRECTION('',(0.E+000,1.,0.E+000));
#852 = ORIENTED_EDGE('',*,*,#805,.F.);
#853 = ORIENTED_EDGE('',*,*,#854,.F.);
#854 = EDGE_CURVE('',#837,#806,#855,.T.);
#855 = CIRCLE('',#856,0.5249926);
#856 = AXIS2_PLACEMENT_3D('',#857,#858,#859);
#857 = CARTESIAN_POINT('',(63.731394,44.577,0.E+000));
#858 = DIRECTION('',(0.E+000,-0.E+000,1.));
#859 = DIRECTION('',(0.E+000,1.,0.E+000));
#860 = CYLINDRICAL_SURFACE('',#861,0.5249926);
#861 = AXIS2_PLACEMENT_3D('',#862,#863,#864);
#862 = CARTESIAN_POINT('',(63.731394,44.577,0.E+000));
#863 = DIRECTION('',(-0.E+000,0.E+000,-1.));
#864 = DIRECTION('',(0.E+000,1.,0.E+000));
#865 = ADVANCED_FACE('',(#866),#882,.T.);
#866 = FACE_BOUND('',#867,.T.);
#867 = EDGE_LOOP('',(#868,#869,#875,#876));
#868 = ORIENTED_EDGE('',*,*,#782,.T.);
#869 = ORIENTED_EDGE('',*,*,#870,.T.);
#870 = EDGE_CURVE('',#774,#839,#871,.T.);
#871 = LINE('',#872,#873);
#872 = CARTESIAN_POINT('',(63.736474,45.1019926,0.41148));
#873 = VECTOR('',#874,1.);
#874 = DIRECTION('',(-1.,0.E+000,0.E+000));
#875 = ORIENTED_EDGE('',*,*,#836,.F.);
#876 = ORIENTED_EDGE('',*,*,#877,.F.);
#877 = EDGE_CURVE('',#783,#837,#878,.T.);
#878 = LINE('',#879,#880);
#879 = CARTESIAN_POINT('',(63.736474,45.1019926,0.E+000));
#880 = VECTOR('',#881,1.);
#881 = DIRECTION('',(-1.,0.E+000,0.E+000));
#882 = PLANE('',#883);
#883 = AXIS2_PLACEMENT_3D('',#884,#885,#886);
#884 = CARTESIAN_POINT('',(63.736474,45.1019926,0.E+000));
#885 = DIRECTION('',(0.E+000,-1.,0.E+000));
#886 = DIRECTION('',(-1.,0.E+000,0.E+000));
#887 = ADVANCED_FACE('',(#888),#915,.F.);
#888 = FACE_BOUND('',#889,.T.);
#889 = EDGE_LOOP('',(#890,#900,#907,#908));
#890 = ORIENTED_EDGE('',*,*,#891,.T.);
#891 = EDGE_CURVE('',#892,#894,#896,.T.);
#892 = VERTEX_POINT('',#893);
#893 = CARTESIAN_POINT('',(53.657,62.103,0.E+000));
#894 = VERTEX_POINT('',#895);
#895 = CARTESIAN_POINT('',(53.657,62.103,0.41148));
#896 = LINE('',#897,#898);
#897 = CARTESIAN_POINT('',(53.657,62.103,0.E+000));
#898 = VECTOR('',#899,1.);
#899 = DIRECTION('',(0.E+000,0.E+000,1.));
#900 = ORIENTED_EDGE('',*,*,#901,.T.);
#901 = EDGE_CURVE('',#894,#894,#902,.T.);
#902 = CIRCLE('',#903,0.444);
#903 = AXIS2_PLACEMENT_3D('',#904,#905,#906);
#904 = CARTESIAN_POINT('',(53.213,62.103,0.41148));
#905 = DIRECTION('',(0.E+000,0.E+000,1.));
#906 = DIRECTION('',(1.,0.E+000,-0.E+000));
#907 = ORIENTED_EDGE('',*,*,#891,.F.);
#908 = ORIENTED_EDGE('',*,*,#909,.F.);
#909 = EDGE_CURVE('',#892,#892,#910,.T.);
#910 = CIRCLE('',#911,0.444);
#911 = AXIS2_PLACEMENT_3D('',#912,#913,#914);
#912 = CARTESIAN_POINT('',(53.213,62.103,0.E+000));
#913 = DIRECTION('',(0.E+000,0.E+000,1.));
#914 = DIRECTION('',(1.,0.E+000,-0.E+000));
#915 = CYLINDRICAL_SURFACE('',#916,0.444);
#916 = AXIS2_PLACEMENT_3D('',#917,#918,#919);
#917 = CARTESIAN_POINT('',(53.213,62.103,0.E+000));
#918 = DIRECTION('',(-0.E+000,-0.E+000,-1.));
#919 = DIRECTION('',(1.,0.E+000,-0.E+000));
#920 = ADVANCED_FACE('',(#921),#948,.F.);
#921 = FACE_BOUND('',#922,.T.);
#922 = EDGE_LOOP('',(#923,#933,#940,#941));
#923 = ORIENTED_EDGE('',*,*,#924,.T.);
#924 = EDGE_CURVE('',#925,#927,#929,.T.);
#925 = VERTEX_POINT('',#926);
#926 = CARTESIAN_POINT('',(53.657,74.803,0.E+000));
#927 = VERTEX_POINT('',#928);
#928 = CARTESIAN_POINT('',(53.657,74.803,0.41148));
#929 = LINE('',#930,#931);
#930 = CARTESIAN_POINT('',(53.657,74.803,0.E+000));
#931 = VECTOR('',#932,1.);
#932 = DIRECTION('',(0.E+000,0.E+000,1.));
#933 = ORIENTED_EDGE('',*,*,#934,.T.);
#934 = EDGE_CURVE('',#927,#927,#935,.T.);
#935 = CIRCLE('',#936,0.444);
#936 = AXIS2_PLACEMENT_3D('',#937,#938,#939);
#937 = CARTESIAN_POINT('',(53.213,74.803,0.41148));
#938 = DIRECTION('',(0.E+000,0.E+000,1.));
#939 = DIRECTION('',(1.,0.E+000,-0.E+000));
#940 = ORIENTED_EDGE('',*,*,#924,.F.);
#941 = ORIENTED_EDGE('',*,*,#942,.F.);
#942 = EDGE_CURVE('',#925,#925,#943,.T.);
#943 = CIRCLE('',#944,0.444);
#944 = AXIS2_PLACEMENT_3D('',#945,#946,#947);
#945 = CARTESIAN_POINT('',(53.213,74.803,0.E+000));
#946 = DIRECTION('',(0.E+000,0.E+000,1.));
#947 = DIRECTION('',(1.,0.E+000,-0.E+000));
#948 = CYLINDRICAL_SURFACE('',#949,0.444);
#949 = AXIS2_PLACEMENT_3D('',#950,#951,#952);
#950 = CARTESIAN_POINT('',(53.213,74.803,0.E+000));
#951 = DIRECTION('',(-0.E+000,-0.E+000,-1.));
#952 = DIRECTION('',(1.,0.E+000,-0.E+000));
#953 = ADVANCED_FACE('',(#954),#981,.F.);
#954 = FACE_BOUND('',#955,.T.);
#955 = EDGE_LOOP('',(#956,#966,#973,#974));
#956 = ORIENTED_EDGE('',*,*,#957,.T.);
#957 = EDGE_CURVE('',#958,#960,#962,.T.);
#958 = VERTEX_POINT('',#959);
#959 = CARTESIAN_POINT('',(56.197,67.183,0.E+000));
#960 = VERTEX_POINT('',#961);
#961 = CARTESIAN_POINT('',(56.197,67.183,0.41148));
#962 = LINE('',#963,#964);
#963 = CARTESIAN_POINT('',(56.197,67.183,0.E+000));
#964 = VECTOR('',#965,1.);
#965 = DIRECTION('',(0.E+000,0.E+000,1.));
#966 = ORIENTED_EDGE('',*,*,#967,.T.);
#967 = EDGE_CURVE('',#960,#960,#968,.T.);
#968 = CIRCLE('',#969,0.444);
#969 = AXIS2_PLACEMENT_3D('',#970,#971,#972);
#970 = CARTESIAN_POINT('',(55.753,67.183,0.41148));
#971 = DIRECTION('',(0.E+000,0.E+000,1.));
#972 = DIRECTION('',(1.,0.E+000,-0.E+000));
#973 = ORIENTED_EDGE('',*,*,#957,.F.);
#974 = ORIENTED_EDGE('',*,*,#975,.F.);
#975 = EDGE_CURVE('',#958,#958,#976,.T.);
#976 = CIRCLE('',#977,0.444);
#977 = AXIS2_PLACEMENT_3D('',#978,#979,#980);
#978 = CARTESIAN_POINT('',(55.753,67.183,0.E+000));
#979 = DIRECTION('',(0.E+000,0.E+000,1.));
#980 = DIRECTION('',(1.,0.E+000,-0.E+000));
#981 = CYLINDRICAL_SURFACE('',#982,0.444);
#982 = AXIS2_PLACEMENT_3D('',#983,#984,#985);
#983 = CARTESIAN_POINT('',(55.753,67.183,0.E+000));
#984 = DIRECTION('',(-0.E+000,-0.E+000,-1.));
#985 = DIRECTION('',(1.,0.E+000,-0.E+000));
#986 = ADVANCED_FACE('',(#987),#1014,.F.);
#987 = FACE_BOUND('',#988,.T.);
#988 = EDGE_LOOP('',(#989,#999,#1006,#1007));
#989 = ORIENTED_EDGE('',*,*,#990,.T.);
#990 = EDGE_CURVE('',#991,#993,#995,.T.);
#991 = VERTEX_POINT('',#992);
#992 = CARTESIAN_POINT('',(56.197,69.723,0.E+000));
#993 = VERTEX_POINT('',#994);
#994 = CARTESIAN_POINT('',(56.197,69.723,0.41148));
#995 = LINE('',#996,#997);
#996 = CARTESIAN_POINT('',(56.197,69.723,0.E+000));
#997 = VECTOR('',#998,1.);
#998 = DIRECTION('',(0.E+000,0.E+000,1.));
#999 = ORIENTED_EDGE('',*,*,#1000,.T.);
#1000 = EDGE_CURVE('',#993,#993,#1001,.T.);
#1001 = CIRCLE('',#1002,0.444);
#1002 = AXIS2_PLACEMENT_3D('',#1003,#1004,#1005);
#1003 = CARTESIAN_POINT('',(55.753,69.723,0.41148));
#1004 = DIRECTION('',(0.E+000,0.E+000,1.));
#1005 = DIRECTION('',(1.,0.E+000,-0.E+000));
#1006 = ORIENTED_EDGE('',*,*,#990,.F.);
#1007 = ORIENTED_EDGE('',*,*,#1008,.F.);
#1008 = EDGE_CURVE('',#991,#991,#1009,.T.);
#1009 = CIRCLE('',#1010,0.444);
#1010 = AXIS2_PLACEMENT_3D('',#1011,#1012,#1013);
#1011 = CARTESIAN_POINT('',(55.753,69.723,0.E+000));
#1012 = DIRECTION('',(0.E+000,0.E+000,1.));
#1013 = DIRECTION('',(1.,0.E+000,-0.E+000));
#1014 = CYLINDRICAL_SURFACE('',#1015,0.444);
#1015 = AXIS2_PLACEMENT_3D('',#1016,#1017,#1018);
#1016 = CARTESIAN_POINT('',(55.753,69.723,0.E+000));
#1017 = DIRECTION('',(-0.E+000,-0.E+000,-1.));
#1018 = DIRECTION('',(1.,0.E+000,-0.E+000));
#1019 = ADVANCED_FACE('',(#1020),#1047,.F.);
#1020 = FACE_BOUND('',#1021,.T.);
#1021 = EDGE_LOOP('',(#1022,#1032,#1039,#1040));
#1022 = ORIENTED_EDGE('',*,*,#1023,.T.);
#1023 = EDGE_CURVE('',#1024,#1026,#1028,.T.);
#1024 = VERTEX_POINT('',#1025);
#1025 = CARTESIAN_POINT('',(60.627,92.105,0.E+000));
#1026 = VERTEX_POINT('',#1027);
#1027 = CARTESIAN_POINT('',(60.627,92.105,0.41148));
#1028 = LINE('',#1029,#1030);
#1029 = CARTESIAN_POINT('',(60.627,92.105,0.E+000));
#1030 = VECTOR('',#1031,1.);
#1031 = DIRECTION('',(0.E+000,0.E+000,1.));
#1032 = ORIENTED_EDGE('',*,*,#1033,.T.);
#1033 = EDGE_CURVE('',#1026,#1026,#1034,.T.);
#1034 = CIRCLE('',#1035,0.457);
#1035 = AXIS2_PLACEMENT_3D('',#1036,#1037,#1038);
#1036 = CARTESIAN_POINT('',(60.17,92.105,0.41148));
#1037 = DIRECTION('',(0.E+000,0.E+000,1.));
#1038 = DIRECTION('',(1.,0.E+000,-0.E+000));
#1039 = ORIENTED_EDGE('',*,*,#1023,.F.);
#1040 = ORIENTED_EDGE('',*,*,#1041,.F.);
#1041 = EDGE_CURVE('',#1024,#1024,#1042,.T.);
#1042 = CIRCLE('',#1043,0.457);
#1043 = AXIS2_PLACEMENT_3D('',#1044,#1045,#1046);
#1044 = CARTESIAN_POINT('',(60.17,92.105,0.E+000));
#1045 = DIRECTION('',(0.E+000,0.E+000,1.));
#1046 = DIRECTION('',(1.,0.E+000,-0.E+000));
#1047 = CYLINDRICAL_SURFACE('',#1048,0.457);
#1048 = AXIS2_PLACEMENT_3D('',#1049,#1050,#1051);
#1049 = CARTESIAN_POINT('',(60.17,92.105,0.E+000));
#1050 = DIRECTION('',(-0.E+000,-0.E+000,-1.));
#1051 = DIRECTION('',(1.,0.E+000,-0.E+000));
#1052 = ADVANCED_FACE('',(#1053),#1080,.F.);
#1053 = FACE_BOUND('',#1054,.T.);
#1054 = EDGE_LOOP('',(#1055,#1065,#1072,#1073));
#1055 = ORIENTED_EDGE('',*,*,#1056,.T.);
#1056 = EDGE_CURVE('',#1057,#1059,#1061,.T.);
#1057 = VERTEX_POINT('',#1058);
#1058 = CARTESIAN_POINT('',(60.627,89.565,0.E+000));
#1059 = VERTEX_POINT('',#1060);
#1060 = CARTESIAN_POINT('',(60.627,89.565,0.41148));
#1061 = LINE('',#1062,#1063);
#1062 = CARTESIAN_POINT('',(60.627,89.565,0.E+000));
#1063 = VECTOR('',#1064,1.);
#1064 = DIRECTION('',(0.E+000,0.E+000,1.));
#1065 = ORIENTED_EDGE('',*,*,#1066,.T.);
#1066 = EDGE_CURVE('',#1059,#1059,#1067,.T.);
#1067 = CIRCLE('',#1068,0.457);
#1068 = AXIS2_PLACEMENT_3D('',#1069,#1070,#1071);
#1069 = CARTESIAN_POINT('',(60.17,89.565,0.41148));
#1070 = DIRECTION('',(0.E+000,0.E+000,1.));
#1071 = DIRECTION('',(1.,0.E+000,-0.E+000));
#1072 = ORIENTED_EDGE('',*,*,#1056,.F.);
#1073 = ORIENTED_EDGE('',*,*,#1074,.F.);
#1074 = EDGE_CURVE('',#1057,#1057,#1075,.T.);
#1075 = CIRCLE('',#1076,0.457);
#1076 = AXIS2_PLACEMENT_3D('',#1077,#1078,#1079);
#1077 = CARTESIAN_POINT('',(60.17,89.565,0.E+000));
#1078 = DIRECTION('',(0.E+000,0.E+000,1.));
#1079 = DIRECTION('',(1.,0.E+000,-0.E+000));
#1080 = CYLINDRICAL_SURFACE('',#1081,0.457);
#1081 = AXIS2_PLACEMENT_3D('',#1082,#1083,#1084);
#1082 = CARTESIAN_POINT('',(60.17,89.565,0.E+000));
#1083 = DIRECTION('',(-0.E+000,-0.E+000,-1.));
#1084 = DIRECTION('',(1.,0.E+000,-0.E+000));
#1085 = ADVANCED_FACE('',(#1086),#1113,.F.);
#1086 = FACE_BOUND('',#1087,.T.);
#1087 = EDGE_LOOP('',(#1088,#1098,#1105,#1106));
#1088 = ORIENTED_EDGE('',*,*,#1089,.T.);
#1089 = EDGE_CURVE('',#1090,#1092,#1094,.T.);
#1090 = VERTEX_POINT('',#1091);
#1091 = CARTESIAN_POINT('',(48.937,99.581,0.E+000));
#1092 = VERTEX_POINT('',#1093);
#1093 = CARTESIAN_POINT('',(48.937,99.581,0.41148));
#1094 = LINE('',#1095,#1096);
#1095 = CARTESIAN_POINT('',(48.937,99.581,0.E+000));
#1096 = VECTOR('',#1097,1.);
#1097 = DIRECTION('',(0.E+000,0.E+000,1.));
#1098 = ORIENTED_EDGE('',*,*,#1099,.T.);
#1099 = EDGE_CURVE('',#1092,#1092,#1100,.T.);
#1100 = CIRCLE('',#1101,0.55);
#1101 = AXIS2_PLACEMENT_3D('',#1102,#1103,#1104);
#1102 = CARTESIAN_POINT('',(48.387,99.581,0.41148));
#1103 = DIRECTION('',(0.E+000,0.E+000,1.));
#1104 = DIRECTION('',(1.,0.E+000,-0.E+000));
#1105 = ORIENTED_EDGE('',*,*,#1089,.F.);
#1106 = ORIENTED_EDGE('',*,*,#1107,.F.);
#1107 = EDGE_CURVE('',#1090,#1090,#1108,.T.);
#1108 = CIRCLE('',#1109,0.55);
#1109 = AXIS2_PLACEMENT_3D('',#1110,#1111,#1112);
#1110 = CARTESIAN_POINT('',(48.387,99.581,0.E+000));
#1111 = DIRECTION('',(0.E+000,0.E+000,1.));
#1112 = DIRECTION('',(1.,0.E+000,-0.E+000));
#1113 = CYLINDRICAL_SURFACE('',#1114,0.55);
#1114 = AXIS2_PLACEMENT_3D('',#1115,#1116,#1117);
#1115 = CARTESIAN_POINT('',(48.387,99.581,0.E+000));
#1116 = DIRECTION('',(-0.E+000,-0.E+000,-1.));
#1117 = DIRECTION('',(1.,0.E+000,-0.E+000));
#1118 = ADVANCED_FACE('',(#1119),#1146,.F.);
#1119 = FACE_BOUND('',#1120,.T.);
#1120 = EDGE_LOOP('',(#1121,#1131,#1138,#1139));
#1121 = ORIENTED_EDGE('',*,*,#1122,.T.);
#1122 = EDGE_CURVE('',#1123,#1125,#1127,.T.);
#1123 = VERTEX_POINT('',#1124);
#1124 = CARTESIAN_POINT('',(48.937,102.081,0.E+000));
#1125 = VERTEX_POINT('',#1126);
#1126 = CARTESIAN_POINT('',(48.937,102.081,0.41148));
#1127 = LINE('',#1128,#1129);
#1128 = CARTESIAN_POINT('',(48.937,102.081,0.E+000));
#1129 = VECTOR('',#1130,1.);
#1130 = DIRECTION('',(0.E+000,0.E+000,1.));
#1131 = ORIENTED_EDGE('',*,*,#1132,.T.);
#1132 = EDGE_CURVE('',#1125,#1125,#1133,.T.);
#1133 = CIRCLE('',#1134,0.55);
#1134 = AXIS2_PLACEMENT_3D('',#1135,#1136,#1137);
#1135 = CARTESIAN_POINT('',(48.387,102.081,0.41148));
#1136 = DIRECTION('',(0.E+000,0.E+000,1.));
#1137 = DIRECTION('',(1.,0.E+000,-0.E+000));
#1138 = ORIENTED_EDGE('',*,*,#1122,.F.);
#1139 = ORIENTED_EDGE('',*,*,#1140,.F.);
#1140 = EDGE_CURVE('',#1123,#1123,#1141,.T.);
#1141 = CIRCLE('',#1142,0.55);
#1142 = AXIS2_PLACEMENT_3D('',#1143,#1144,#1145);
#1143 = CARTESIAN_POINT('',(48.387,102.081,0.E+000));
#1144 = DIRECTION('',(0.E+000,0.E+000,1.));
#1145 = DIRECTION('',(1.,0.E+000,-0.E+000));
#1146 = CYLINDRICAL_SURFACE('',#1147,0.55);
#1147 = AXIS2_PLACEMENT_3D('',#1148,#1149,#1150);
#1148 = CARTESIAN_POINT('',(48.387,102.081,0.E+000));
#1149 = DIRECTION('',(-0.E+000,-0.E+000,-1.));
#1150 = DIRECTION('',(1.,0.E+000,-0.E+000));
#1151 = ADVANCED_FACE('',(#1152),#1179,.F.);
#1152 = FACE_BOUND('',#1153,.T.);
#1153 = EDGE_LOOP('',(#1154,#1164,#1171,#1172));
#1154 = ORIENTED_EDGE('',*,*,#1155,.T.);
#1155 = EDGE_CURVE('',#1156,#1158,#1160,.T.);
#1156 = VERTEX_POINT('',#1157);
#1157 = CARTESIAN_POINT('',(60.627,94.645,0.E+000));
#1158 = VERTEX_POINT('',#1159);
#1159 = CARTESIAN_POINT('',(60.627,94.645,0.41148));
#1160 = LINE('',#1161,#1162);
#1161 = CARTESIAN_POINT('',(60.627,94.645,0.E+000));
#1162 = VECTOR('',#1163,1.);
#1163 = DIRECTION('',(0.E+000,0.E+000,1.));
#1164 = ORIENTED_EDGE('',*,*,#1165,.T.);
#1165 = EDGE_CURVE('',#1158,#1158,#1166,.T.);
#1166 = CIRCLE('',#1167,0.457);
#1167 = AXIS2_PLACEMENT_3D('',#1168,#1169,#1170);
#1168 = CARTESIAN_POINT('',(60.17,94.645,0.41148));
#1169 = DIRECTION('',(0.E+000,0.E+000,1.));
#1170 = DIRECTION('',(1.,0.E+000,-0.E+000));
#1171 = ORIENTED_EDGE('',*,*,#1155,.F.);
#1172 = ORIENTED_EDGE('',*,*,#1173,.F.);
#1173 = EDGE_CURVE('',#1156,#1156,#1174,.T.);
#1174 = CIRCLE('',#1175,0.457);
#1175 = AXIS2_PLACEMENT_3D('',#1176,#1177,#1178);
#1176 = CARTESIAN_POINT('',(60.17,94.645,0.E+000));
#1177 = DIRECTION('',(0.E+000,0.E+000,1.));
#1178 = DIRECTION('',(1.,0.E+000,-0.E+000));
#1179 = CYLINDRICAL_SURFACE('',#1180,0.457);
#1180 = AXIS2_PLACEMENT_3D('',#1181,#1182,#1183);
#1181 = CARTESIAN_POINT('',(60.17,94.645,0.E+000));
#1182 = DIRECTION('',(-0.E+000,-0.E+000,-1.));
#1183 = DIRECTION('',(1.,0.E+000,-0.E+000));
#1184 = ADVANCED_FACE('',(#1185),#1212,.F.);
#1185 = FACE_BOUND('',#1186,.T.);
#1186 = EDGE_LOOP('',(#1187,#1197,#1204,#1205));
#1187 = ORIENTED_EDGE('',*,*,#1188,.T.);
#1188 = EDGE_CURVE('',#1189,#1191,#1193,.T.);
#1189 = VERTEX_POINT('',#1190);
#1190 = CARTESIAN_POINT('',(48.937,104.581,0.E+000));
#1191 = VERTEX_POINT('',#1192);
#1192 = CARTESIAN_POINT('',(48.937,104.581,0.41148));
#1193 = LINE('',#1194,#1195);
#1194 = CARTESIAN_POINT('',(48.937,104.581,0.E+000));
#1195 = VECTOR('',#1196,1.);
#1196 = DIRECTION('',(0.E+000,0.E+000,1.));
#1197 = ORIENTED_EDGE('',*,*,#1198,.T.);
#1198 = EDGE_CURVE('',#1191,#1191,#1199,.T.);
#1199 = CIRCLE('',#1200,0.55);
#1200 = AXIS2_PLACEMENT_3D('',#1201,#1202,#1203);
#1201 = CARTESIAN_POINT('',(48.387,104.581,0.41148));
#1202 = DIRECTION('',(0.E+000,0.E+000,1.));
#1203 = DIRECTION('',(1.,0.E+000,-0.E+000));
#1204 = ORIENTED_EDGE('',*,*,#1188,.F.);
#1205 = ORIENTED_EDGE('',*,*,#1206,.F.);
#1206 = EDGE_CURVE('',#1189,#1189,#1207,.T.);
#1207 = CIRCLE('',#1208,0.55);
#1208 = AXIS2_PLACEMENT_3D('',#1209,#1210,#1211);
#1209 = CARTESIAN_POINT('',(48.387,104.581,0.E+000));
#1210 = DIRECTION('',(0.E+000,0.E+000,1.));
#1211 = DIRECTION('',(1.,0.E+000,-0.E+000));
#1212 = CYLINDRICAL_SURFACE('',#1213,0.55);
#1213 = AXIS2_PLACEMENT_3D('',#1214,#1215,#1216);
#1214 = CARTESIAN_POINT('',(48.387,104.581,0.E+000));
#1215 = DIRECTION('',(-0.E+000,-0.E+000,-1.));
#1216 = DIRECTION('',(1.,0.E+000,-0.E+000));
#1217 = ADVANCED_FACE('',(#1218),#1245,.F.);
#1218 = FACE_BOUND('',#1219,.T.);
#1219 = EDGE_LOOP('',(#1220,#1230,#1237,#1238));
#1220 = ORIENTED_EDGE('',*,*,#1221,.T.);
#1221 = EDGE_CURVE('',#1222,#1224,#1226,.T.);
#1222 = VERTEX_POINT('',#1223);
#1223 = CARTESIAN_POINT('',(60.627,104.805,0.E+000));
#1224 = VERTEX_POINT('',#1225);
#1225 = CARTESIAN_POINT('',(60.627,104.805,0.41148));
#1226 = LINE('',#1227,#1228);
#1227 = CARTESIAN_POINT('',(60.627,104.805,0.E+000));
#1228 = VECTOR('',#1229,1.);
#1229 = DIRECTION('',(0.E+000,0.E+000,1.));
#1230 = ORIENTED_EDGE('',*,*,#1231,.T.);
#1231 = EDGE_CURVE('',#1224,#1224,#1232,.T.);
#1232 = CIRCLE('',#1233,0.457);
#1233 = AXIS2_PLACEMENT_3D('',#1234,#1235,#1236);
#1234 = CARTESIAN_POINT('',(60.17,104.805,0.41148));
#1235 = DIRECTION('',(0.E+000,0.E+000,1.));
#1236 = DIRECTION('',(1.,0.E+000,-0.E+000));
#1237 = ORIENTED_EDGE('',*,*,#1221,.F.);
#1238 = ORIENTED_EDGE('',*,*,#1239,.F.);
#1239 = EDGE_CURVE('',#1222,#1222,#1240,.T.);
#1240 = CIRCLE('',#1241,0.457);
#1241 = AXIS2_PLACEMENT_3D('',#1242,#1243,#1244);
#1242 = CARTESIAN_POINT('',(60.17,104.805,0.E+000));
#1243 = DIRECTION('',(0.E+000,0.E+000,1.));
#1244 = DIRECTION('',(1.,0.E+000,-0.E+000));
#1245 = CYLINDRICAL_SURFACE('',#1246,0.457);
#1246 = AXIS2_PLACEMENT_3D('',#1247,#1248,#1249);
#1247 = CARTESIAN_POINT('',(60.17,104.805,0.E+000));
#1248 = DIRECTION('',(-0.E+000,-0.E+000,-1.));
#1249 = DIRECTION('',(1.,0.E+000,-0.E+000));
#1250 = ADVANCED_FACE('',(#1251),#1278,.F.);
#1251 = FACE_BOUND('',#1252,.T.);
#1252 = EDGE_LOOP('',(#1253,#1263,#1270,#1271));
#1253 = ORIENTED_EDGE('',*,*,#1254,.T.);
#1254 = EDGE_CURVE('',#1255,#1257,#1259,.T.);
#1255 = VERTEX_POINT('',#1256);
#1256 = CARTESIAN_POINT('',(48.937,107.081,0.E+000));
#1257 = VERTEX_POINT('',#1258);
#1258 = CARTESIAN_POINT('',(48.937,107.081,0.41148));
#1259 = LINE('',#1260,#1261);
#1260 = CARTESIAN_POINT('',(48.937,107.081,0.E+000));
#1261 = VECTOR('',#1262,1.);
#1262 = DIRECTION('',(0.E+000,0.E+000,1.));
#1263 = ORIENTED_EDGE('',*,*,#1264,.T.);
#1264 = EDGE_CURVE('',#1257,#1257,#1265,.T.);
#1265 = CIRCLE('',#1266,0.55);
#1266 = AXIS2_PLACEMENT_3D('',#1267,#1268,#1269);
#1267 = CARTESIAN_POINT('',(48.387,107.081,0.41148));
#1268 = DIRECTION('',(0.E+000,0.E+000,1.));
#1269 = DIRECTION('',(1.,0.E+000,-0.E+000));
#1270 = ORIENTED_EDGE('',*,*,#1254,.F.);
#1271 = ORIENTED_EDGE('',*,*,#1272,.F.);
#1272 = EDGE_CURVE('',#1255,#1255,#1273,.T.);
#1273 = CIRCLE('',#1274,0.55);
#1274 = AXIS2_PLACEMENT_3D('',#1275,#1276,#1277);
#1275 = CARTESIAN_POINT('',(48.387,107.081,0.E+000));
#1276 = DIRECTION('',(0.E+000,0.E+000,1.));
#1277 = DIRECTION('',(1.,0.E+000,-0.E+000));
#1278 = CYLINDRICAL_SURFACE('',#1279,0.55);
#1279 = AXIS2_PLACEMENT_3D('',#1280,#1281,#1282);
#1280 = CARTESIAN_POINT('',(48.387,107.081,0.E+000));
#1281 = DIRECTION('',(-0.E+000,-0.E+000,-1.));
#1282 = DIRECTION('',(1.,0.E+000,-0.E+000));
#1283 = ADVANCED_FACE('',(#1284),#1311,.F.);
#1284 = FACE_BOUND('',#1285,.T.);
#1285 = EDGE_LOOP('',(#1286,#1296,#1303,#1304));
#1286 = ORIENTED_EDGE('',*,*,#1287,.T.);
#1287 = EDGE_CURVE('',#1288,#1290,#1292,.T.);
#1288 = VERTEX_POINT('',#1289);
#1289 = CARTESIAN_POINT('',(48.937,112.081,0.E+000));
#1290 = VERTEX_POINT('',#1291);
#1291 = CARTESIAN_POINT('',(48.937,112.081,0.41148));
#1292 = LINE('',#1293,#1294);
#1293 = CARTESIAN_POINT('',(48.937,112.081,0.E+000));
#1294 = VECTOR('',#1295,1.);
#1295 = DIRECTION('',(0.E+000,0.E+000,1.));
#1296 = ORIENTED_EDGE('',*,*,#1297,.T.);
#1297 = EDGE_CURVE('',#1290,#1290,#1298,.T.);
#1298 = CIRCLE('',#1299,0.55);
#1299 = AXIS2_PLACEMENT_3D('',#1300,#1301,#1302);
#1300 = CARTESIAN_POINT('',(48.387,112.081,0.41148));
#1301 = DIRECTION('',(0.E+000,0.E+000,1.));
#1302 = DIRECTION('',(1.,0.E+000,-0.E+000));
#1303 = ORIENTED_EDGE('',*,*,#1287,.F.);
#1304 = ORIENTED_EDGE('',*,*,#1305,.F.);
#1305 = EDGE_CURVE('',#1288,#1288,#1306,.T.);
#1306 = CIRCLE('',#1307,0.55);
#1307 = AXIS2_PLACEMENT_3D('',#1308,#1309,#1310);
#1308 = CARTESIAN_POINT('',(48.387,112.081,0.E+000));
#1309 = DIRECTION('',(0.E+000,0.E+000,1.));
#1310 = DIRECTION('',(1.,0.E+000,-0.E+000));
#1311 = CYLINDRICAL_SURFACE('',#1312,0.55);
#1312 = AXIS2_PLACEMENT_3D('',#1313,#1314,#1315);
#1313 = CARTESIAN_POINT('',(48.387,112.081,0.E+000));
#1314 = DIRECTION('',(-0.E+000,-0.E+000,-1.));
#1315 = DIRECTION('',(1.,0.E+000,-0.E+000));
#1316 = ADVANCED_FACE('',(#1317),#1344,.F.);
#1317 = FACE_BOUND('',#1318,.T.);
#1318 = EDGE_LOOP('',(#1319,#1329,#1336,#1337));
#1319 = ORIENTED_EDGE('',*,*,#1320,.T.);
#1320 = EDGE_CURVE('',#1321,#1323,#1325,.T.);
#1321 = VERTEX_POINT('',#1322);
#1322 = CARTESIAN_POINT('',(48.937,109.581,0.E+000));
#1323 = VERTEX_POINT('',#1324);
#1324 = CARTESIAN_POINT('',(48.937,109.581,0.41148));
#1325 = LINE('',#1326,#1327);
#1326 = CARTESIAN_POINT('',(48.937,109.581,0.E+000));
#1327 = VECTOR('',#1328,1.);
#1328 = DIRECTION('',(0.E+000,0.E+000,1.));
#1329 = ORIENTED_EDGE('',*,*,#1330,.T.);
#1330 = EDGE_CURVE('',#1323,#1323,#1331,.T.);
#1331 = CIRCLE('',#1332,0.55);
#1332 = AXIS2_PLACEMENT_3D('',#1333,#1334,#1335);
#1333 = CARTESIAN_POINT('',(48.387,109.581,0.41148));
#1334 = DIRECTION('',(0.E+000,0.E+000,1.));
#1335 = DIRECTION('',(1.,0.E+000,-0.E+000));
#1336 = ORIENTED_EDGE('',*,*,#1320,.F.);
#1337 = ORIENTED_EDGE('',*,*,#1338,.F.);
#1338 = EDGE_CURVE('',#1321,#1321,#1339,.T.);
#1339 = CIRCLE('',#1340,0.55);
#1340 = AXIS2_PLACEMENT_3D('',#1341,#1342,#1343);
#1341 = CARTESIAN_POINT('',(48.387,109.581,0.E+000));
#1342 = DIRECTION('',(0.E+000,0.E+000,1.));
#1343 = DIRECTION('',(1.,0.E+000,-0.E+000));
#1344 = CYLINDRICAL_SURFACE('',#1345,0.55);
#1345 = AXIS2_PLACEMENT_3D('',#1346,#1347,#1348);
#1346 = CARTESIAN_POINT('',(48.387,109.581,0.E+000));
#1347 = DIRECTION('',(-0.E+000,-0.E+000,-1.));
#1348 = DIRECTION('',(1.,0.E+000,-0.E+000));
#1349 = ADVANCED_FACE('',(#1350),#1377,.F.);
#1350 = FACE_BOUND('',#1351,.T.);
#1351 = EDGE_LOOP('',(#1352,#1362,#1369,#1370));
#1352 = ORIENTED_EDGE('',*,*,#1353,.T.);
#1353 = EDGE_CURVE('',#1354,#1356,#1358,.T.);
#1354 = VERTEX_POINT('',#1355);
#1355 = CARTESIAN_POINT('',(48.937,114.581,0.E+000));
#1356 = VERTEX_POINT('',#1357);
#1357 = CARTESIAN_POINT('',(48.937,114.581,0.41148));
#1358 = LINE('',#1359,#1360);
#1359 = CARTESIAN_POINT('',(48.937,114.581,0.E+000));
#1360 = VECTOR('',#1361,1.);
#1361 = DIRECTION('',(0.E+000,0.E+000,1.));
#1362 = ORIENTED_EDGE('',*,*,#1363,.T.);
#1363 = EDGE_CURVE('',#1356,#1356,#1364,.T.);
#1364 = CIRCLE('',#1365,0.55);
#1365 = AXIS2_PLACEMENT_3D('',#1366,#1367,#1368);
#1366 = CARTESIAN_POINT('',(48.387,114.581,0.41148));
#1367 = DIRECTION('',(0.E+000,0.E+000,1.));
#1368 = DIRECTION('',(1.,0.E+000,-0.E+000));
#1369 = ORIENTED_EDGE('',*,*,#1353,.F.);
#1370 = ORIENTED_EDGE('',*,*,#1371,.F.);
#1371 = EDGE_CURVE('',#1354,#1354,#1372,.T.);
#1372 = CIRCLE('',#1373,0.55);
#1373 = AXIS2_PLACEMENT_3D('',#1374,#1375,#1376);
#1374 = CARTESIAN_POINT('',(48.387,114.581,0.E+000));
#1375 = DIRECTION('',(0.E+000,0.E+000,1.));
#1376 = DIRECTION('',(1.,0.E+000,-0.E+000));
#1377 = CYLINDRICAL_SURFACE('',#1378,0.55);
#1378 = AXIS2_PLACEMENT_3D('',#1379,#1380,#1381);
#1379 = CARTESIAN_POINT('',(48.387,114.581,0.E+000));
#1380 = DIRECTION('',(-0.E+000,-0.E+000,-1.));
#1381 = DIRECTION('',(1.,0.E+000,-0.E+000));
#1382 = ADVANCED_FACE('',(#1383),#1410,.F.);
#1383 = FACE_BOUND('',#1384,.T.);
#1384 = EDGE_LOOP('',(#1385,#1395,#1402,#1403));
#1385 = ORIENTED_EDGE('',*,*,#1386,.T.);
#1386 = EDGE_CURVE('',#1387,#1389,#1391,.T.);
#1387 = VERTEX_POINT('',#1388);
#1388 = CARTESIAN_POINT('',(48.937,117.081,0.E+000));
#1389 = VERTEX_POINT('',#1390);
#1390 = CARTESIAN_POINT('',(48.937,117.081,0.41148));
#1391 = LINE('',#1392,#1393);
#1392 = CARTESIAN_POINT('',(48.937,117.081,0.E+000));
#1393 = VECTOR('',#1394,1.);
#1394 = DIRECTION('',(0.E+000,0.E+000,1.));
#1395 = ORIENTED_EDGE('',*,*,#1396,.T.);
#1396 = EDGE_CURVE('',#1389,#1389,#1397,.T.);
#1397 = CIRCLE('',#1398,0.55);
#1398 = AXIS2_PLACEMENT_3D('',#1399,#1400,#1401);
#1399 = CARTESIAN_POINT('',(48.387,117.081,0.41148));
#1400 = DIRECTION('',(0.E+000,0.E+000,1.));
#1401 = DIRECTION('',(1.,0.E+000,-0.E+000));
#1402 = ORIENTED_EDGE('',*,*,#1386,.F.);
#1403 = ORIENTED_EDGE('',*,*,#1404,.F.);
#1404 = EDGE_CURVE('',#1387,#1387,#1405,.T.);
#1405 = CIRCLE('',#1406,0.55);
#1406 = AXIS2_PLACEMENT_3D('',#1407,#1408,#1409);
#1407 = CARTESIAN_POINT('',(48.387,117.081,0.E+000));
#1408 = DIRECTION('',(0.E+000,0.E+000,1.));
#1409 = DIRECTION('',(1.,0.E+000,-0.E+000));
#1410 = CYLINDRICAL_SURFACE('',#1411,0.55);
#1411 = AXIS2_PLACEMENT_3D('',#1412,#1413,#1414);
#1412 = CARTESIAN_POINT('',(48.387,117.081,0.E+000));
#1413 = DIRECTION('',(-0.E+000,-0.E+000,-1.));
#1414 = DIRECTION('',(1.,0.E+000,-0.E+000));
#1415 = ADVANCED_FACE('',(#1416),#1443,.F.);
#1416 = FACE_BOUND('',#1417,.T.);
#1417 = EDGE_LOOP('',(#1418,#1428,#1435,#1436));
#1418 = ORIENTED_EDGE('',*,*,#1419,.T.);
#1419 = EDGE_CURVE('',#1420,#1422,#1424,.T.);
#1420 = VERTEX_POINT('',#1421);
#1421 = CARTESIAN_POINT('',(53.035,133.35,0.E+000));
#1422 = VERTEX_POINT('',#1423);
#1423 = CARTESIAN_POINT('',(53.035,133.35,0.41148));
#1424 = LINE('',#1425,#1426);
#1425 = CARTESIAN_POINT('',(53.035,133.35,0.E+000));
#1426 = VECTOR('',#1427,1.);
#1427 = DIRECTION('',(0.E+000,0.E+000,1.));
#1428 = ORIENTED_EDGE('',*,*,#1429,.T.);
#1429 = EDGE_CURVE('',#1422,#1422,#1430,.T.);
#1430 = CIRCLE('',#1431,1.6);
#1431 = AXIS2_PLACEMENT_3D('',#1432,#1433,#1434);
#1432 = CARTESIAN_POINT('',(51.435,133.35,0.41148));
#1433 = DIRECTION('',(0.E+000,0.E+000,1.));
#1434 = DIRECTION('',(1.,0.E+000,-0.E+000));
#1435 = ORIENTED_EDGE('',*,*,#1419,.F.);
#1436 = ORIENTED_EDGE('',*,*,#1437,.F.);
#1437 = EDGE_CURVE('',#1420,#1420,#1438,.T.);
#1438 = CIRCLE('',#1439,1.6);
#1439 = AXIS2_PLACEMENT_3D('',#1440,#1441,#1442);
#1440 = CARTESIAN_POINT('',(51.435,133.35,0.E+000));
#1441 = DIRECTION('',(0.E+000,0.E+000,1.));
#1442 = DIRECTION('',(1.,0.E+000,-0.E+000));
#1443 = CYLINDRICAL_SURFACE('',#1444,1.6);
#1444 = AXIS2_PLACEMENT_3D('',#1445,#1446,#1447);
#1445 = CARTESIAN_POINT('',(51.435,133.35,0.E+000));
#1446 = DIRECTION('',(-0.E+000,-0.E+000,-1.));
#1447 = DIRECTION('',(1.,0.E+000,-0.E+000));
#1448 = ADVANCED_FACE('',(#1449),#1476,.F.);
#1449 = FACE_BOUND('',#1450,.T.);
#1450 = EDGE_LOOP('',(#1451,#1461,#1468,#1469));
#1451 = ORIENTED_EDGE('',*,*,#1452,.T.);
#1452 = EDGE_CURVE('',#1453,#1455,#1457,.T.);
#1453 = VERTEX_POINT('',#1454);
#1454 = CARTESIAN_POINT('',(60.627,107.345,0.E+000));
#1455 = VERTEX_POINT('',#1456);
#1456 = CARTESIAN_POINT('',(60.627,107.345,0.41148));
#1457 = LINE('',#1458,#1459);
#1458 = CARTESIAN_POINT('',(60.627,107.345,0.E+000));
#1459 = VECTOR('',#1460,1.);
#1460 = DIRECTION('',(0.E+000,0.E+000,1.));
#1461 = ORIENTED_EDGE('',*,*,#1462,.T.);
#1462 = EDGE_CURVE('',#1455,#1455,#1463,.T.);
#1463 = CIRCLE('',#1464,0.457);
#1464 = AXIS2_PLACEMENT_3D('',#1465,#1466,#1467);
#1465 = CARTESIAN_POINT('',(60.17,107.345,0.41148));
#1466 = DIRECTION('',(0.E+000,0.E+000,1.));
#1467 = DIRECTION('',(1.,0.E+000,-0.E+000));
#1468 = ORIENTED_EDGE('',*,*,#1452,.F.);
#1469 = ORIENTED_EDGE('',*,*,#1470,.F.);
#1470 = EDGE_CURVE('',#1453,#1453,#1471,.T.);
#1471 = CIRCLE('',#1472,0.457);
#1472 = AXIS2_PLACEMENT_3D('',#1473,#1474,#1475);
#1473 = CARTESIAN_POINT('',(60.17,107.345,0.E+000));
#1474 = DIRECTION('',(0.E+000,0.E+000,1.));
#1475 = DIRECTION('',(1.,0.E+000,-0.E+000));
#1476 = CYLINDRICAL_SURFACE('',#1477,0.457);
#1477 = AXIS2_PLACEMENT_3D('',#1478,#1479,#1480);
#1478 = CARTESIAN_POINT('',(60.17,107.345,0.E+000));
#1479 = DIRECTION('',(-0.E+000,-0.E+000,-1.));
#1480 = DIRECTION('',(1.,0.E+000,-0.E+000));
#1481 = ADVANCED_FACE('',(#1482),#1509,.F.);
#1482 = FACE_BOUND('',#1483,.T.);
#1483 = EDGE_LOOP('',(#1484,#1494,#1501,#1502));
#1484 = ORIENTED_EDGE('',*,*,#1485,.T.);
#1485 = EDGE_CURVE('',#1486,#1488,#1490,.T.);
#1486 = VERTEX_POINT('',#1487);
#1487 = CARTESIAN_POINT('',(60.627,109.885,0.E+000));
#1488 = VERTEX_POINT('',#1489);
#1489 = CARTESIAN_POINT('',(60.627,109.885,0.41148));
#1490 = LINE('',#1491,#1492);
#1491 = CARTESIAN_POINT('',(60.627,109.885,0.E+000));
#1492 = VECTOR('',#1493,1.);
#1493 = DIRECTION('',(0.E+000,0.E+000,1.));
#1494 = ORIENTED_EDGE('',*,*,#1495,.T.);
#1495 = EDGE_CURVE('',#1488,#1488,#1496,.T.);
#1496 = CIRCLE('',#1497,0.457);
#1497 = AXIS2_PLACEMENT_3D('',#1498,#1499,#1500);
#1498 = CARTESIAN_POINT('',(60.17,109.885,0.41148));
#1499 = DIRECTION('',(0.E+000,0.E+000,1.));
#1500 = DIRECTION('',(1.,0.E+000,-0.E+000));
#1501 = ORIENTED_EDGE('',*,*,#1485,.F.);
#1502 = ORIENTED_EDGE('',*,*,#1503,.F.);
#1503 = EDGE_CURVE('',#1486,#1486,#1504,.T.);
#1504 = CIRCLE('',#1505,0.457);
#1505 = AXIS2_PLACEMENT_3D('',#1506,#1507,#1508);
#1506 = CARTESIAN_POINT('',(60.17,109.885,0.E+000));
#1507 = DIRECTION('',(0.E+000,0.E+000,1.));
#1508 = DIRECTION('',(1.,0.E+000,-0.E+000));
#1509 = CYLINDRICAL_SURFACE('',#1510,0.457);
#1510 = AXIS2_PLACEMENT_3D('',#1511,#1512,#1513);
#1511 = CARTESIAN_POINT('',(60.17,109.885,0.E+000));
#1512 = DIRECTION('',(-0.E+000,-0.E+000,-1.));
#1513 = DIRECTION('',(1.,0.E+000,-0.E+000));
#1514 = ADVANCED_FACE('',(#1515),#1542,.F.);
#1515 = FACE_BOUND('',#1516,.T.);
#1516 = EDGE_LOOP('',(#1517,#1527,#1534,#1535));
#1517 = ORIENTED_EDGE('',*,*,#1518,.T.);
#1518 = EDGE_CURVE('',#1519,#1521,#1523,.T.);
#1519 = VERTEX_POINT('',#1520);
#1520 = CARTESIAN_POINT('',(60.627,97.185,0.E+000));
#1521 = VERTEX_POINT('',#1522);
#1522 = CARTESIAN_POINT('',(60.627,97.185,0.41148));
#1523 = LINE('',#1524,#1525);
#1524 = CARTESIAN_POINT('',(60.627,97.185,0.E+000));
#1525 = VECTOR('',#1526,1.);
#1526 = DIRECTION('',(0.E+000,0.E+000,1.));
#1527 = ORIENTED_EDGE('',*,*,#1528,.T.);
#1528 = EDGE_CURVE('',#1521,#1521,#1529,.T.);
#1529 = CIRCLE('',#1530,0.457);
#1530 = AXIS2_PLACEMENT_3D('',#1531,#1532,#1533);
#1531 = CARTESIAN_POINT('',(60.17,97.185,0.41148));
#1532 = DIRECTION('',(0.E+000,0.E+000,1.));
#1533 = DIRECTION('',(1.,0.E+000,-0.E+000));
#1534 = ORIENTED_EDGE('',*,*,#1518,.F.);
#1535 = ORIENTED_EDGE('',*,*,#1536,.F.);
#1536 = EDGE_CURVE('',#1519,#1519,#1537,.T.);
#1537 = CIRCLE('',#1538,0.457);
#1538 = AXIS2_PLACEMENT_3D('',#1539,#1540,#1541);
#1539 = CARTESIAN_POINT('',(60.17,97.185,0.E+000));
#1540 = DIRECTION('',(0.E+000,0.E+000,1.));
#1541 = DIRECTION('',(1.,0.E+000,-0.E+000));
#1542 = CYLINDRICAL_SURFACE('',#1543,0.457);
#1543 = AXIS2_PLACEMENT_3D('',#1544,#1545,#1546);
#1544 = CARTESIAN_POINT('',(60.17,97.185,0.E+000));
#1545 = DIRECTION('',(-0.E+000,-0.E+000,-1.));
#1546 = DIRECTION('',(1.,0.E+000,-0.E+000));
#1547 = ADVANCED_FACE('',(#1548),#1575,.F.);
#1548 = FACE_BOUND('',#1549,.T.);
#1549 = EDGE_LOOP('',(#1550,#1560,#1567,#1568));
#1550 = ORIENTED_EDGE('',*,*,#1551,.T.);
#1551 = EDGE_CURVE('',#1552,#1554,#1556,.T.);
#1552 = VERTEX_POINT('',#1553);
#1553 = CARTESIAN_POINT('',(60.627,102.265,0.E+000));
#1554 = VERTEX_POINT('',#1555);
#1555 = CARTESIAN_POINT('',(60.627,102.265,0.41148));
#1556 = LINE('',#1557,#1558);
#1557 = CARTESIAN_POINT('',(60.627,102.265,0.E+000));
#1558 = VECTOR('',#1559,1.);
#1559 = DIRECTION('',(0.E+000,0.E+000,1.));
#1560 = ORIENTED_EDGE('',*,*,#1561,.T.);
#1561 = EDGE_CURVE('',#1554,#1554,#1562,.T.);
#1562 = CIRCLE('',#1563,0.457);
#1563 = AXIS2_PLACEMENT_3D('',#1564,#1565,#1566);
#1564 = CARTESIAN_POINT('',(60.17,102.265,0.41148));
#1565 = DIRECTION('',(0.E+000,0.E+000,1.));
#1566 = DIRECTION('',(1.,0.E+000,-0.E+000));
#1567 = ORIENTED_EDGE('',*,*,#1551,.F.);
#1568 = ORIENTED_EDGE('',*,*,#1569,.F.);
#1569 = EDGE_CURVE('',#1552,#1552,#1570,.T.);
#1570 = CIRCLE('',#1571,0.457);
#1571 = AXIS2_PLACEMENT_3D('',#1572,#1573,#1574);
#1572 = CARTESIAN_POINT('',(60.17,102.265,0.E+000));
#1573 = DIRECTION('',(0.E+000,0.E+000,1.));
#1574 = DIRECTION('',(1.,0.E+000,-0.E+000));
#1575 = CYLINDRICAL_SURFACE('',#1576,0.457);
#1576 = AXIS2_PLACEMENT_3D('',#1577,#1578,#1579);
#1577 = CARTESIAN_POINT('',(60.17,102.265,0.E+000));
#1578 = DIRECTION('',(-0.E+000,-0.E+000,-1.));
#1579 = DIRECTION('',(1.,0.E+000,-0.E+000));
#1580 = ADVANCED_FACE('',(#1581),#1608,.F.);
#1581 = FACE_BOUND('',#1582,.T.);
#1582 = EDGE_LOOP('',(#1583,#1593,#1600,#1601));
#1583 = ORIENTED_EDGE('',*,*,#1584,.T.);
#1584 = EDGE_CURVE('',#1585,#1587,#1589,.T.);
#1585 = VERTEX_POINT('',#1586);
#1586 = CARTESIAN_POINT('',(60.627,99.725,0.E+000));
#1587 = VERTEX_POINT('',#1588);
#1588 = CARTESIAN_POINT('',(60.627,99.725,0.41148));
#1589 = LINE('',#1590,#1591);
#1590 = CARTESIAN_POINT('',(60.627,99.725,0.E+000));
#1591 = VECTOR('',#1592,1.);
#1592 = DIRECTION('',(0.E+000,0.E+000,1.));
#1593 = ORIENTED_EDGE('',*,*,#1594,.T.);
#1594 = EDGE_CURVE('',#1587,#1587,#1595,.T.);
#1595 = CIRCLE('',#1596,0.457);
#1596 = AXIS2_PLACEMENT_3D('',#1597,#1598,#1599);
#1597 = CARTESIAN_POINT('',(60.17,99.725,0.41148));
#1598 = DIRECTION('',(0.E+000,0.E+000,1.));
#1599 = DIRECTION('',(1.,0.E+000,-0.E+000));
#1600 = ORIENTED_EDGE('',*,*,#1584,.F.);
#1601 = ORIENTED_EDGE('',*,*,#1602,.F.);
#1602 = EDGE_CURVE('',#1585,#1585,#1603,.T.);
#1603 = CIRCLE('',#1604,0.457);
#1604 = AXIS2_PLACEMENT_3D('',#1605,#1606,#1607);
#1605 = CARTESIAN_POINT('',(60.17,99.725,0.E+000));
#1606 = DIRECTION('',(0.E+000,0.E+000,1.));
#1607 = DIRECTION('',(1.,0.E+000,-0.E+000));
#1608 = CYLINDRICAL_SURFACE('',#1609,0.457);
#1609 = AXIS2_PLACEMENT_3D('',#1610,#1611,#1612);
#1610 = CARTESIAN_POINT('',(60.17,99.725,0.E+000));
#1611 = DIRECTION('',(-0.E+000,-0.E+000,-1.));
#1612 = DIRECTION('',(1.,0.E+000,-0.E+000));
#1613 = ADVANCED_FACE('',(#1614),#1641,.F.);
#1614 = FACE_BOUND('',#1615,.T.);
#1615 = EDGE_LOOP('',(#1616,#1626,#1633,#1634));
#1616 = ORIENTED_EDGE('',*,*,#1617,.T.);
#1617 = EDGE_CURVE('',#1618,#1620,#1622,.T.);
#1618 = VERTEX_POINT('',#1619);
#1619 = CARTESIAN_POINT('',(60.627,120.045,0.E+000));
#1620 = VERTEX_POINT('',#1621);
#1621 = CARTESIAN_POINT('',(60.627,120.045,0.41148));
#1622 = LINE('',#1623,#1624);
#1623 = CARTESIAN_POINT('',(60.627,120.045,0.E+000));
#1624 = VECTOR('',#1625,1.);
#1625 = DIRECTION('',(0.E+000,0.E+000,1.));
#1626 = ORIENTED_EDGE('',*,*,#1627,.T.);
#1627 = EDGE_CURVE('',#1620,#1620,#1628,.T.);
#1628 = CIRCLE('',#1629,0.457);
#1629 = AXIS2_PLACEMENT_3D('',#1630,#1631,#1632);
#1630 = CARTESIAN_POINT('',(60.17,120.045,0.41148));
#1631 = DIRECTION('',(0.E+000,0.E+000,1.));
#1632 = DIRECTION('',(1.,0.E+000,-0.E+000));
#1633 = ORIENTED_EDGE('',*,*,#1617,.F.);
#1634 = ORIENTED_EDGE('',*,*,#1635,.F.);
#1635 = EDGE_CURVE('',#1618,#1618,#1636,.T.);
#1636 = CIRCLE('',#1637,0.457);
#1637 = AXIS2_PLACEMENT_3D('',#1638,#1639,#1640);
#1638 = CARTESIAN_POINT('',(60.17,120.045,0.E+000));
#1639 = DIRECTION('',(0.E+000,0.E+000,1.));
#1640 = DIRECTION('',(1.,0.E+000,-0.E+000));
#1641 = CYLINDRICAL_SURFACE('',#1642,0.457);
#1642 = AXIS2_PLACEMENT_3D('',#1643,#1644,#1645);
#1643 = CARTESIAN_POINT('',(60.17,120.045,0.E+000));
#1644 = DIRECTION('',(-0.E+000,-0.E+000,-1.));
#1645 = DIRECTION('',(1.,0.E+000,-0.E+000));
#1646 = ADVANCED_FACE('',(#1647),#1674,.F.);
#1647 = FACE_BOUND('',#1648,.T.);
#1648 = EDGE_LOOP('',(#1649,#1659,#1666,#1667));
#1649 = ORIENTED_EDGE('',*,*,#1650,.T.);
#1650 = EDGE_CURVE('',#1651,#1653,#1655,.T.);
#1651 = VERTEX_POINT('',#1652);
#1652 = CARTESIAN_POINT('',(60.627,125.125,0.E+000));
#1653 = VERTEX_POINT('',#1654);
#1654 = CARTESIAN_POINT('',(60.627,125.125,0.41148));
#1655 = LINE('',#1656,#1657);
#1656 = CARTESIAN_POINT('',(60.627,125.125,0.E+000));
#1657 = VECTOR('',#1658,1.);
#1658 = DIRECTION('',(0.E+000,0.E+000,1.));
#1659 = ORIENTED_EDGE('',*,*,#1660,.T.);
#1660 = EDGE_CURVE('',#1653,#1653,#1661,.T.);
#1661 = CIRCLE('',#1662,0.457);
#1662 = AXIS2_PLACEMENT_3D('',#1663,#1664,#1665);
#1663 = CARTESIAN_POINT('',(60.17,125.125,0.41148));
#1664 = DIRECTION('',(0.E+000,0.E+000,1.));
#1665 = DIRECTION('',(1.,0.E+000,-0.E+000));
#1666 = ORIENTED_EDGE('',*,*,#1650,.F.);
#1667 = ORIENTED_EDGE('',*,*,#1668,.F.);
#1668 = EDGE_CURVE('',#1651,#1651,#1669,.T.);
#1669 = CIRCLE('',#1670,0.457);
#1670 = AXIS2_PLACEMENT_3D('',#1671,#1672,#1673);
#1671 = CARTESIAN_POINT('',(60.17,125.125,0.E+000));
#1672 = DIRECTION('',(0.E+000,0.E+000,1.));
#1673 = DIRECTION('',(1.,0.E+000,-0.E+000));
#1674 = CYLINDRICAL_SURFACE('',#1675,0.457);
#1675 = AXIS2_PLACEMENT_3D('',#1676,#1677,#1678);
#1676 = CARTESIAN_POINT('',(60.17,125.125,0.E+000));
#1677 = DIRECTION('',(-0.E+000,-0.E+000,-1.));
#1678 = DIRECTION('',(1.,0.E+000,-0.E+000));
#1679 = ADVANCED_FACE('',(#1680),#1707,.F.);
#1680 = FACE_BOUND('',#1681,.T.);
#1681 = EDGE_LOOP('',(#1682,#1692,#1699,#1700));
#1682 = ORIENTED_EDGE('',*,*,#1683,.T.);
#1683 = EDGE_CURVE('',#1684,#1686,#1688,.T.);
#1684 = VERTEX_POINT('',#1685);
#1685 = CARTESIAN_POINT('',(60.627,122.585,0.E+000));
#1686 = VERTEX_POINT('',#1687);
#1687 = CARTESIAN_POINT('',(60.627,122.585,0.41148));
#1688 = LINE('',#1689,#1690);
#1689 = CARTESIAN_POINT('',(60.627,122.585,0.E+000));
#1690 = VECTOR('',#1691,1.);
#1691 = DIRECTION('',(0.E+000,0.E+000,1.));
#1692 = ORIENTED_EDGE('',*,*,#1693,.T.);
#1693 = EDGE_CURVE('',#1686,#1686,#1694,.T.);
#1694 = CIRCLE('',#1695,0.457);
#1695 = AXIS2_PLACEMENT_3D('',#1696,#1697,#1698);
#1696 = CARTESIAN_POINT('',(60.17,122.585,0.41148));
#1697 = DIRECTION('',(0.E+000,0.E+000,1.));
#1698 = DIRECTION('',(1.,0.E+000,-0.E+000));
#1699 = ORIENTED_EDGE('',*,*,#1683,.F.);
#1700 = ORIENTED_EDGE('',*,*,#1701,.F.);
#1701 = EDGE_CURVE('',#1684,#1684,#1702,.T.);
#1702 = CIRCLE('',#1703,0.457);
#1703 = AXIS2_PLACEMENT_3D('',#1704,#1705,#1706);
#1704 = CARTESIAN_POINT('',(60.17,122.585,0.E+000));
#1705 = DIRECTION('',(0.E+000,0.E+000,1.));
#1706 = DIRECTION('',(1.,0.E+000,-0.E+000));
#1707 = CYLINDRICAL_SURFACE('',#1708,0.457);
#1708 = AXIS2_PLACEMENT_3D('',#1709,#1710,#1711);
#1709 = CARTESIAN_POINT('',(60.17,122.585,0.E+000));
#1710 = DIRECTION('',(-0.E+000,-0.E+000,-1.));
#1711 = DIRECTION('',(1.,0.E+000,-0.E+000));
#1712 = ADVANCED_FACE('',(#1713),#1740,.F.);
#1713 = FACE_BOUND('',#1714,.T.);
#1714 = EDGE_LOOP('',(#1715,#1725,#1732,#1733));
#1715 = ORIENTED_EDGE('',*,*,#1716,.T.);
#1716 = EDGE_CURVE('',#1717,#1719,#1721,.T.);
#1717 = VERTEX_POINT('',#1718);
#1718 = CARTESIAN_POINT('',(60.627,112.425,0.E+000));
#1719 = VERTEX_POINT('',#1720);
#1720 = CARTESIAN_POINT('',(60.627,112.425,0.41148));
#1721 = LINE('',#1722,#1723);
#1722 = CARTESIAN_POINT('',(60.627,112.425,0.E+000));
#1723 = VECTOR('',#1724,1.);
#1724 = DIRECTION('',(0.E+000,0.E+000,1.));
#1725 = ORIENTED_EDGE('',*,*,#1726,.T.);
#1726 = EDGE_CURVE('',#1719,#1719,#1727,.T.);
#1727 = CIRCLE('',#1728,0.457);
#1728 = AXIS2_PLACEMENT_3D('',#1729,#1730,#1731);
#1729 = CARTESIAN_POINT('',(60.17,112.425,0.41148));
#1730 = DIRECTION('',(0.E+000,0.E+000,1.));
#1731 = DIRECTION('',(1.,0.E+000,-0.E+000));
#1732 = ORIENTED_EDGE('',*,*,#1716,.F.);
#1733 = ORIENTED_EDGE('',*,*,#1734,.F.);
#1734 = EDGE_CURVE('',#1717,#1717,#1735,.T.);
#1735 = CIRCLE('',#1736,0.457);
#1736 = AXIS2_PLACEMENT_3D('',#1737,#1738,#1739);
#1737 = CARTESIAN_POINT('',(60.17,112.425,0.E+000));
#1738 = DIRECTION('',(0.E+000,0.E+000,1.));
#1739 = DIRECTION('',(1.,0.E+000,-0.E+000));
#1740 = CYLINDRICAL_SURFACE('',#1741,0.457);
#1741 = AXIS2_PLACEMENT_3D('',#1742,#1743,#1744);
#1742 = CARTESIAN_POINT('',(60.17,112.425,0.E+000));
#1743 = DIRECTION('',(-0.E+000,-0.E+000,-1.));
#1744 = DIRECTION('',(1.,0.E+000,-0.E+000));
#1745 = ADVANCED_FACE('',(#1746),#1773,.F.);
#1746 = FACE_BOUND('',#1747,.T.);
#1747 = EDGE_LOOP('',(#1748,#1758,#1765,#1766));
#1748 = ORIENTED_EDGE('',*,*,#1749,.T.);
#1749 = EDGE_CURVE('',#1750,#1752,#1754,.T.);
#1750 = VERTEX_POINT('',#1751);
#1751 = CARTESIAN_POINT('',(60.627,117.505,0.E+000));
#1752 = VERTEX_POINT('',#1753);
#1753 = CARTESIAN_POINT('',(60.627,117.505,0.41148));
#1754 = LINE('',#1755,#1756);
#1755 = CARTESIAN_POINT('',(60.627,117.505,0.E+000));
#1756 = VECTOR('',#1757,1.);
#1757 = DIRECTION('',(0.E+000,0.E+000,1.));
#1758 = ORIENTED_EDGE('',*,*,#1759,.T.);
#1759 = EDGE_CURVE('',#1752,#1752,#1760,.T.);
#1760 = CIRCLE('',#1761,0.457);
#1761 = AXIS2_PLACEMENT_3D('',#1762,#1763,#1764);
#1762 = CARTESIAN_POINT('',(60.17,117.505,0.41148));
#1763 = DIRECTION('',(0.E+000,0.E+000,1.));
#1764 = DIRECTION('',(1.,0.E+000,-0.E+000));
#1765 = ORIENTED_EDGE('',*,*,#1749,.F.);
#1766 = ORIENTED_EDGE('',*,*,#1767,.F.);
#1767 = EDGE_CURVE('',#1750,#1750,#1768,.T.);
#1768 = CIRCLE('',#1769,0.457);
#1769 = AXIS2_PLACEMENT_3D('',#1770,#1771,#1772);
#1770 = CARTESIAN_POINT('',(60.17,117.505,0.E+000));
#1771 = DIRECTION('',(0.E+000,0.E+000,1.));
#1772 = DIRECTION('',(1.,0.E+000,-0.E+000));
#1773 = CYLINDRICAL_SURFACE('',#1774,0.457);
#1774 = AXIS2_PLACEMENT_3D('',#1775,#1776,#1777);
#1775 = CARTESIAN_POINT('',(60.17,117.505,0.E+000));
#1776 = DIRECTION('',(-0.E+000,-0.E+000,-1.));
#1777 = DIRECTION('',(1.,0.E+000,-0.E+000));
#1778 = ADVANCED_FACE('',(#1779),#1806,.F.);
#1779 = FACE_BOUND('',#1780,.T.);
#1780 = EDGE_LOOP('',(#1781,#1791,#1798,#1799));
#1781 = ORIENTED_EDGE('',*,*,#1782,.T.);
#1782 = EDGE_CURVE('',#1783,#1785,#1787,.T.);
#1783 = VERTEX_POINT('',#1784);
#1784 = CARTESIAN_POINT('',(60.627,114.965,0.E+000));
#1785 = VERTEX_POINT('',#1786);
#1786 = CARTESIAN_POINT('',(60.627,114.965,0.41148));
#1787 = LINE('',#1788,#1789);
#1788 = CARTESIAN_POINT('',(60.627,114.965,0.E+000));
#1789 = VECTOR('',#1790,1.);
#1790 = DIRECTION('',(0.E+000,0.E+000,1.));
#1791 = ORIENTED_EDGE('',*,*,#1792,.T.);
#1792 = EDGE_CURVE('',#1785,#1785,#1793,.T.);
#1793 = CIRCLE('',#1794,0.457);
#1794 = AXIS2_PLACEMENT_3D('',#1795,#1796,#1797);
#1795 = CARTESIAN_POINT('',(60.17,114.965,0.41148));
#1796 = DIRECTION('',(0.E+000,0.E+000,1.));
#1797 = DIRECTION('',(1.,0.E+000,-0.E+000));
#1798 = ORIENTED_EDGE('',*,*,#1782,.F.);
#1799 = ORIENTED_EDGE('',*,*,#1800,.F.);
#1800 = EDGE_CURVE('',#1783,#1783,#1801,.T.);
#1801 = CIRCLE('',#1802,0.457);
#1802 = AXIS2_PLACEMENT_3D('',#1803,#1804,#1805);
#1803 = CARTESIAN_POINT('',(60.17,114.965,0.E+000));
#1804 = DIRECTION('',(0.E+000,0.E+000,1.));
#1805 = DIRECTION('',(1.,0.E+000,-0.E+000));
#1806 = CYLINDRICAL_SURFACE('',#1807,0.457);
#1807 = AXIS2_PLACEMENT_3D('',#1808,#1809,#1810);
#1808 = CARTESIAN_POINT('',(60.17,114.965,0.E+000));
#1809 = DIRECTION('',(-0.E+000,-0.E+000,-1.));
#1810 = DIRECTION('',(1.,0.E+000,-0.E+000));
#1811 = ADVANCED_FACE('',(#1812),#1839,.F.);
#1812 = FACE_BOUND('',#1813,.T.);
#1813 = EDGE_LOOP('',(#1814,#1824,#1831,#1832));
#1814 = ORIENTED_EDGE('',*,*,#1815,.T.);
#1815 = EDGE_CURVE('',#1816,#1818,#1820,.T.);
#1816 = VERTEX_POINT('',#1817);
#1817 = CARTESIAN_POINT('',(78.147,43.815,0.E+000));
#1818 = VERTEX_POINT('',#1819);
#1819 = CARTESIAN_POINT('',(78.147,43.815,0.41148));
#1820 = LINE('',#1821,#1822);
#1821 = CARTESIAN_POINT('',(78.147,43.815,0.E+000));
#1822 = VECTOR('',#1823,1.);
#1823 = DIRECTION('',(0.E+000,0.E+000,1.));
#1824 = ORIENTED_EDGE('',*,*,#1825,.T.);
#1825 = EDGE_CURVE('',#1818,#1818,#1826,.T.);
#1826 = CIRCLE('',#1827,0.55);
#1827 = AXIS2_PLACEMENT_3D('',#1828,#1829,#1830);
#1828 = CARTESIAN_POINT('',(77.597,43.815,0.41148));
#1829 = DIRECTION('',(0.E+000,0.E+000,1.));
#1830 = DIRECTION('',(1.,0.E+000,-0.E+000));
#1831 = ORIENTED_EDGE('',*,*,#1815,.F.);
#1832 = ORIENTED_EDGE('',*,*,#1833,.F.);
#1833 = EDGE_CURVE('',#1816,#1816,#1834,.T.);
#1834 = CIRCLE('',#1835,0.55);
#1835 = AXIS2_PLACEMENT_3D('',#1836,#1837,#1838);
#1836 = CARTESIAN_POINT('',(77.597,43.815,0.E+000));
#1837 = DIRECTION('',(0.E+000,0.E+000,1.));
#1838 = DIRECTION('',(1.,0.E+000,-0.E+000));
#1839 = CYLINDRICAL_SURFACE('',#1840,0.55);
#1840 = AXIS2_PLACEMENT_3D('',#1841,#1842,#1843);
#1841 = CARTESIAN_POINT('',(77.597,43.815,0.E+000));
#1842 = DIRECTION('',(-0.E+000,-0.E+000,-1.));
#1843 = DIRECTION('',(1.,0.E+000,-0.E+000));
#1844 = ADVANCED_FACE('',(#1845),#1872,.F.);
#1845 = FACE_BOUND('',#1846,.T.);
#1846 = EDGE_LOOP('',(#1847,#1857,#1864,#1865));
#1847 = ORIENTED_EDGE('',*,*,#1848,.T.);
#1848 = EDGE_CURVE('',#1849,#1851,#1853,.T.);
#1849 = VERTEX_POINT('',#1850);
#1850 = CARTESIAN_POINT('',(89.48,44.577,0.E+000));
#1851 = VERTEX_POINT('',#1852);
#1852 = CARTESIAN_POINT('',(89.48,44.577,0.41148));
#1853 = LINE('',#1854,#1855);
#1854 = CARTESIAN_POINT('',(89.48,44.577,0.E+000));
#1855 = VECTOR('',#1856,1.);
#1856 = DIRECTION('',(0.E+000,0.E+000,1.));
#1857 = ORIENTED_EDGE('',*,*,#1858,.T.);
#1858 = EDGE_CURVE('',#1851,#1851,#1859,.T.);
#1859 = CIRCLE('',#1860,0.5);
#1860 = AXIS2_PLACEMENT_3D('',#1861,#1862,#1863);
#1861 = CARTESIAN_POINT('',(88.98,44.577,0.41148));
#1862 = DIRECTION('',(0.E+000,0.E+000,1.));
#1863 = DIRECTION('',(1.,0.E+000,-0.E+000));
#1864 = ORIENTED_EDGE('',*,*,#1848,.F.);
#1865 = ORIENTED_EDGE('',*,*,#1866,.F.);
#1866 = EDGE_CURVE('',#1849,#1849,#1867,.T.);
#1867 = CIRCLE('',#1868,0.5);
#1868 = AXIS2_PLACEMENT_3D('',#1869,#1870,#1871);
#1869 = CARTESIAN_POINT('',(88.98,44.577,0.E+000));
#1870 = DIRECTION('',(0.E+000,0.E+000,1.));
#1871 = DIRECTION('',(1.,0.E+000,-0.E+000));
#1872 = CYLINDRICAL_SURFACE('',#1873,0.5);
#1873 = AXIS2_PLACEMENT_3D('',#1874,#1875,#1876);
#1874 = CARTESIAN_POINT('',(88.98,44.577,0.E+000));
#1875 = DIRECTION('',(-0.E+000,-0.E+000,-1.));
#1876 = DIRECTION('',(1.,0.E+000,-0.E+000));
#1877 = ADVANCED_FACE('',(#1878),#1905,.F.);
#1878 = FACE_BOUND('',#1879,.T.);
#1879 = EDGE_LOOP('',(#1880,#1890,#1897,#1898));
#1880 = ORIENTED_EDGE('',*,*,#1881,.T.);
#1881 = EDGE_CURVE('',#1882,#1884,#1886,.T.);
#1882 = VERTEX_POINT('',#1883);
#1883 = CARTESIAN_POINT('',(96.98,44.577,0.E+000));
#1884 = VERTEX_POINT('',#1885);
#1885 = CARTESIAN_POINT('',(96.98,44.577,0.41148));
#1886 = LINE('',#1887,#1888);
#1887 = CARTESIAN_POINT('',(96.98,44.577,0.E+000));
#1888 = VECTOR('',#1889,1.);
#1889 = DIRECTION('',(0.E+000,0.E+000,1.));
#1890 = ORIENTED_EDGE('',*,*,#1891,.T.);
#1891 = EDGE_CURVE('',#1884,#1884,#1892,.T.);
#1892 = CIRCLE('',#1893,0.5);
#1893 = AXIS2_PLACEMENT_3D('',#1894,#1895,#1896);
#1894 = CARTESIAN_POINT('',(96.48,44.577,0.41148));
#1895 = DIRECTION('',(0.E+000,0.E+000,1.));
#1896 = DIRECTION('',(1.,0.E+000,-0.E+000));
#1897 = ORIENTED_EDGE('',*,*,#1881,.F.);
#1898 = ORIENTED_EDGE('',*,*,#1899,.F.);
#1899 = EDGE_CURVE('',#1882,#1882,#1900,.T.);
#1900 = CIRCLE('',#1901,0.5);
#1901 = AXIS2_PLACEMENT_3D('',#1902,#1903,#1904);
#1902 = CARTESIAN_POINT('',(96.48,44.577,0.E+000));
#1903 = DIRECTION('',(0.E+000,0.E+000,1.));
#1904 = DIRECTION('',(1.,0.E+000,-0.E+000));
#1905 = CYLINDRICAL_SURFACE('',#1906,0.5);
#1906 = AXIS2_PLACEMENT_3D('',#1907,#1908,#1909);
#1907 = CARTESIAN_POINT('',(96.48,44.577,0.E+000));
#1908 = DIRECTION('',(-0.E+000,-0.E+000,-1.));
#1909 = DIRECTION('',(1.,0.E+000,-0.E+000));
#1910 = ADVANCED_FACE('',(#1911),#1938,.F.);
#1911 = FACE_BOUND('',#1912,.T.);
#1912 = EDGE_LOOP('',(#1913,#1923,#1930,#1931));
#1913 = ORIENTED_EDGE('',*,*,#1914,.T.);
#1914 = EDGE_CURVE('',#1915,#1917,#1919,.T.);
#1915 = VERTEX_POINT('',#1916);
#1916 = CARTESIAN_POINT('',(91.98,44.577,0.E+000));
#1917 = VERTEX_POINT('',#1918);
#1918 = CARTESIAN_POINT('',(91.98,44.577,0.41148));
#1919 = LINE('',#1920,#1921);
#1920 = CARTESIAN_POINT('',(91.98,44.577,0.E+000));
#1921 = VECTOR('',#1922,1.);
#1922 = DIRECTION('',(0.E+000,0.E+000,1.));
#1923 = ORIENTED_EDGE('',*,*,#1924,.T.);
#1924 = EDGE_CURVE('',#1917,#1917,#1925,.T.);
#1925 = CIRCLE('',#1926,0.5);
#1926 = AXIS2_PLACEMENT_3D('',#1927,#1928,#1929);
#1927 = CARTESIAN_POINT('',(91.48,44.577,0.41148));
#1928 = DIRECTION('',(0.E+000,0.E+000,1.));
#1929 = DIRECTION('',(1.,0.E+000,-0.E+000));
#1930 = ORIENTED_EDGE('',*,*,#1914,.F.);
#1931 = ORIENTED_EDGE('',*,*,#1932,.F.);
#1932 = EDGE_CURVE('',#1915,#1915,#1933,.T.);
#1933 = CIRCLE('',#1934,0.5);
#1934 = AXIS2_PLACEMENT_3D('',#1935,#1936,#1937);
#1935 = CARTESIAN_POINT('',(91.48,44.577,0.E+000));
#1936 = DIRECTION('',(0.E+000,0.E+000,1.));
#1937 = DIRECTION('',(1.,0.E+000,-0.E+000));
#1938 = CYLINDRICAL_SURFACE('',#1939,0.5);
#1939 = AXIS2_PLACEMENT_3D('',#1940,#1941,#1942);
#1940 = CARTESIAN_POINT('',(91.48,44.577,0.E+000));
#1941 = DIRECTION('',(-0.E+000,-0.E+000,-1.));
#1942 = DIRECTION('',(1.,0.E+000,-0.E+000));
#1943 = ADVANCED_FACE('',(#1944),#1971,.F.);
#1944 = FACE_BOUND('',#1945,.T.);
#1945 = EDGE_LOOP('',(#1946,#1956,#1963,#1964));
#1946 = ORIENTED_EDGE('',*,*,#1947,.T.);
#1947 = EDGE_CURVE('',#1948,#1950,#1952,.T.);
#1948 = VERTEX_POINT('',#1949);
#1949 = CARTESIAN_POINT('',(94.48,44.577,0.E+000));
#1950 = VERTEX_POINT('',#1951);
#1951 = CARTESIAN_POINT('',(94.48,44.577,0.41148));
#1952 = LINE('',#1953,#1954);
#1953 = CARTESIAN_POINT('',(94.48,44.577,0.E+000));
#1954 = VECTOR('',#1955,1.);
#1955 = DIRECTION('',(0.E+000,0.E+000,1.));
#1956 = ORIENTED_EDGE('',*,*,#1957,.T.);
#1957 = EDGE_CURVE('',#1950,#1950,#1958,.T.);
#1958 = CIRCLE('',#1959,0.5);
#1959 = AXIS2_PLACEMENT_3D('',#1960,#1961,#1962);
#1960 = CARTESIAN_POINT('',(93.98,44.577,0.41148));
#1961 = DIRECTION('',(0.E+000,0.E+000,1.));
#1962 = DIRECTION('',(1.,0.E+000,-0.E+000));
#1963 = ORIENTED_EDGE('',*,*,#1947,.F.);
#1964 = ORIENTED_EDGE('',*,*,#1965,.F.);
#1965 = EDGE_CURVE('',#1948,#1948,#1966,.T.);
#1966 = CIRCLE('',#1967,0.5);
#1967 = AXIS2_PLACEMENT_3D('',#1968,#1969,#1970);
#1968 = CARTESIAN_POINT('',(93.98,44.577,0.E+000));
#1969 = DIRECTION('',(0.E+000,0.E+000,1.));
#1970 = DIRECTION('',(1.,0.E+000,-0.E+000));
#1971 = CYLINDRICAL_SURFACE('',#1972,0.5);
#1972 = AXIS2_PLACEMENT_3D('',#1973,#1974,#1975);
#1973 = CARTESIAN_POINT('',(93.98,44.577,0.E+000));
#1974 = DIRECTION('',(-0.E+000,-0.E+000,-1.));
#1975 = DIRECTION('',(1.,0.E+000,-0.E+000));
#1976 = ADVANCED_FACE('',(#1977),#2004,.F.);
#1977 = FACE_BOUND('',#1978,.T.);
#1978 = EDGE_LOOP('',(#1979,#1989,#1996,#1997));
#1979 = ORIENTED_EDGE('',*,*,#1980,.T.);
#1980 = EDGE_CURVE('',#1981,#1983,#1985,.T.);
#1981 = VERTEX_POINT('',#1982);
#1982 = CARTESIAN_POINT('',(86.027,92.232,0.E+000));
#1983 = VERTEX_POINT('',#1984);
#1984 = CARTESIAN_POINT('',(86.027,92.232,0.41148));
#1985 = LINE('',#1986,#1987);
#1986 = CARTESIAN_POINT('',(86.027,92.232,0.E+000));
#1987 = VECTOR('',#1988,1.);
#1988 = DIRECTION('',(0.E+000,0.E+000,1.));
#1989 = ORIENTED_EDGE('',*,*,#1990,.T.);
#1990 = EDGE_CURVE('',#1983,#1983,#1991,.T.);
#1991 = CIRCLE('',#1992,0.457);
#1992 = AXIS2_PLACEMENT_3D('',#1993,#1994,#1995);
#1993 = CARTESIAN_POINT('',(85.57,92.232,0.41148));
#1994 = DIRECTION('',(0.E+000,0.E+000,1.));
#1995 = DIRECTION('',(1.,0.E+000,-0.E+000));
#1996 = ORIENTED_EDGE('',*,*,#1980,.F.);
#1997 = ORIENTED_EDGE('',*,*,#1998,.F.);
#1998 = EDGE_CURVE('',#1981,#1981,#1999,.T.);
#1999 = CIRCLE('',#2000,0.457);
#2000 = AXIS2_PLACEMENT_3D('',#2001,#2002,#2003);
#2001 = CARTESIAN_POINT('',(85.57,92.232,0.E+000));
#2002 = DIRECTION('',(0.E+000,0.E+000,1.));
#2003 = DIRECTION('',(1.,0.E+000,-0.E+000));
#2004 = CYLINDRICAL_SURFACE('',#2005,0.457);
#2005 = AXIS2_PLACEMENT_3D('',#2006,#2007,#2008);
#2006 = CARTESIAN_POINT('',(85.57,92.232,0.E+000));
#2007 = DIRECTION('',(-0.E+000,-0.E+000,-1.));
#2008 = DIRECTION('',(1.,0.E+000,-0.E+000));
#2009 = ADVANCED_FACE('',(#2010),#2037,.F.);
#2010 = FACE_BOUND('',#2011,.T.);
#2011 = EDGE_LOOP('',(#2012,#2022,#2029,#2030));
#2012 = ORIENTED_EDGE('',*,*,#2013,.T.);
#2013 = EDGE_CURVE('',#2014,#2016,#2018,.T.);
#2014 = VERTEX_POINT('',#2015);
#2015 = CARTESIAN_POINT('',(86.027,97.185,0.E+000));
#2016 = VERTEX_POINT('',#2017);
#2017 = CARTESIAN_POINT('',(86.027,97.185,0.41148));
#2018 = LINE('',#2019,#2020);
#2019 = CARTESIAN_POINT('',(86.027,97.185,0.E+000));
#2020 = VECTOR('',#2021,1.);
#2021 = DIRECTION('',(0.E+000,0.E+000,1.));
#2022 = ORIENTED_EDGE('',*,*,#2023,.T.);
#2023 = EDGE_CURVE('',#2016,#2016,#2024,.T.);
#2024 = CIRCLE('',#2025,0.457);
#2025 = AXIS2_PLACEMENT_3D('',#2026,#2027,#2028);
#2026 = CARTESIAN_POINT('',(85.57,97.185,0.41148));
#2027 = DIRECTION('',(0.E+000,0.E+000,1.));
#2028 = DIRECTION('',(1.,0.E+000,-0.E+000));
#2029 = ORIENTED_EDGE('',*,*,#2013,.F.);
#2030 = ORIENTED_EDGE('',*,*,#2031,.F.);
#2031 = EDGE_CURVE('',#2014,#2014,#2032,.T.);
#2032 = CIRCLE('',#2033,0.457);
#2033 = AXIS2_PLACEMENT_3D('',#2034,#2035,#2036);
#2034 = CARTESIAN_POINT('',(85.57,97.185,0.E+000));
#2035 = DIRECTION('',(0.E+000,0.E+000,1.));
#2036 = DIRECTION('',(1.,0.E+000,-0.E+000));
#2037 = CYLINDRICAL_SURFACE('',#2038,0.457);
#2038 = AXIS2_PLACEMENT_3D('',#2039,#2040,#2041);
#2039 = CARTESIAN_POINT('',(85.57,97.185,0.E+000));
#2040 = DIRECTION('',(-0.E+000,-0.E+000,-1.));
#2041 = DIRECTION('',(1.,0.E+000,-0.E+000));
#2042 = ADVANCED_FACE('',(#2043),#2070,.F.);
#2043 = FACE_BOUND('',#2044,.T.);
#2044 = EDGE_LOOP('',(#2045,#2055,#2062,#2063));
#2045 = ORIENTED_EDGE('',*,*,#2046,.T.);
#2046 = EDGE_CURVE('',#2047,#2049,#2051,.T.);
#2047 = VERTEX_POINT('',#2048);
#2048 = CARTESIAN_POINT('',(86.027,94.645,0.E+000));
#2049 = VERTEX_POINT('',#2050);
#2050 = CARTESIAN_POINT('',(86.027,94.645,0.41148));
#2051 = LINE('',#2052,#2053);
#2052 = CARTESIAN_POINT('',(86.027,94.645,0.E+000));
#2053 = VECTOR('',#2054,1.);
#2054 = DIRECTION('',(0.E+000,0.E+000,1.));
#2055 = ORIENTED_EDGE('',*,*,#2056,.T.);
#2056 = EDGE_CURVE('',#2049,#2049,#2057,.T.);
#2057 = CIRCLE('',#2058,0.457);
#2058 = AXIS2_PLACEMENT_3D('',#2059,#2060,#2061);
#2059 = CARTESIAN_POINT('',(85.57,94.645,0.41148));
#2060 = DIRECTION('',(0.E+000,0.E+000,1.));
#2061 = DIRECTION('',(1.,0.E+000,-0.E+000));
#2062 = ORIENTED_EDGE('',*,*,#2046,.F.);
#2063 = ORIENTED_EDGE('',*,*,#2064,.F.);
#2064 = EDGE_CURVE('',#2047,#2047,#2065,.T.);
#2065 = CIRCLE('',#2066,0.457);
#2066 = AXIS2_PLACEMENT_3D('',#2067,#2068,#2069);
#2067 = CARTESIAN_POINT('',(85.57,94.645,0.E+000));
#2068 = DIRECTION('',(0.E+000,0.E+000,1.));
#2069 = DIRECTION('',(1.,0.E+000,-0.E+000));
#2070 = CYLINDRICAL_SURFACE('',#2071,0.457);
#2071 = AXIS2_PLACEMENT_3D('',#2072,#2073,#2074);
#2072 = CARTESIAN_POINT('',(85.57,94.645,0.E+000));
#2073 = DIRECTION('',(-0.E+000,-0.E+000,-1.));
#2074 = DIRECTION('',(1.,0.E+000,-0.E+000));
#2075 = ADVANCED_FACE('',(#2076),#2112,.F.);
#2076 = FACE_BOUND('',#2077,.T.);
#2077 = EDGE_LOOP('',(#2078,#2088,#2097,#2105));
#2078 = ORIENTED_EDGE('',*,*,#2079,.T.);
#2079 = EDGE_CURVE('',#2080,#2082,#2084,.T.);
#2080 = VERTEX_POINT('',#2081);
#2081 = CARTESIAN_POINT('',(89.78646,72.0852,0.E+000));
#2082 = VERTEX_POINT('',#2083);
#2083 = CARTESIAN_POINT('',(89.78646,72.0852,0.41148));
#2084 = LINE('',#2085,#2086);
#2085 = CARTESIAN_POINT('',(89.78646,72.0852,0.E+000));
#2086 = VECTOR('',#2087,1.);
#2087 = DIRECTION('',(0.E+000,0.E+000,1.));
#2088 = ORIENTED_EDGE('',*,*,#2089,.T.);
#2089 = EDGE_CURVE('',#2082,#2090,#2092,.T.);
#2090 = VERTEX_POINT('',#2091);
#2091 = CARTESIAN_POINT('',(89.78646,71.1708,0.41148));
#2092 = CIRCLE('',#2093,0.4572);
#2093 = AXIS2_PLACEMENT_3D('',#2094,#2095,#2096);
#2094 = CARTESIAN_POINT('',(89.78646,71.628,0.41148));
#2095 = DIRECTION('',(0.E+000,-0.E+000,1.));
#2096 = DIRECTION('',(0.E+000,1.,0.E+000));
#2097 = ORIENTED_EDGE('',*,*,#2098,.F.);
#2098 = EDGE_CURVE('',#2099,#2090,#2101,.T.);
#2099 = VERTEX_POINT('',#2100);
#2100 = CARTESIAN_POINT('',(89.78646,71.1708,0.E+000));
#2101 = LINE('',#2102,#2103);
#2102 = CARTESIAN_POINT('',(89.78646,71.1708,0.E+000));
#2103 = VECTOR('',#2104,1.);
#2104 = DIRECTION('',(0.E+000,0.E+000,1.));
#2105 = ORIENTED_EDGE('',*,*,#2106,.F.);
#2106 = EDGE_CURVE('',#2080,#2099,#2107,.T.);
#2107 = CIRCLE('',#2108,0.4572);
#2108 = AXIS2_PLACEMENT_3D('',#2109,#2110,#2111);
#2109 = CARTESIAN_POINT('',(89.78646,71.628,0.E+000));
#2110 = DIRECTION('',(0.E+000,-0.E+000,1.));
#2111 = DIRECTION('',(0.E+000,1.,0.E+000));
#2112 = CYLINDRICAL_SURFACE('',#2113,0.4572);
#2113 = AXIS2_PLACEMENT_3D('',#2114,#2115,#2116);
#2114 = CARTESIAN_POINT('',(89.78646,71.628,0.E+000));
#2115 = DIRECTION('',(-0.E+000,0.E+000,-1.));
#2116 = DIRECTION('',(0.E+000,1.,0.E+000));
#2117 = ADVANCED_FACE('',(#2118),#2143,.T.);
#2118 = FACE_BOUND('',#2119,.T.);
#2119 = EDGE_LOOP('',(#2120,#2130,#2136,#2137));
#2120 = ORIENTED_EDGE('',*,*,#2121,.T.);
#2121 = EDGE_CURVE('',#2122,#2124,#2126,.T.);
#2122 = VERTEX_POINT('',#2123);
#2123 = CARTESIAN_POINT('',(89.79154,72.0852,0.E+000));
#2124 = VERTEX_POINT('',#2125);
#2125 = CARTESIAN_POINT('',(89.79154,72.0852,0.41148));
#2126 = LINE('',#2127,#2128);
#2127 = CARTESIAN_POINT('',(89.79154,72.0852,0.E+000));
#2128 = VECTOR('',#2129,1.);
#2129 = DIRECTION('',(0.E+000,0.E+000,1.));
#2130 = ORIENTED_EDGE('',*,*,#2131,.T.);
#2131 = EDGE_CURVE('',#2124,#2082,#2132,.T.);
#2132 = LINE('',#2133,#2134);
#2133 = CARTESIAN_POINT('',(89.79154,72.0852,0.41148));
#2134 = VECTOR('',#2135,1.);
#2135 = DIRECTION('',(-1.,0.E+000,0.E+000));
#2136 = ORIENTED_EDGE('',*,*,#2079,.F.);
#2137 = ORIENTED_EDGE('',*,*,#2138,.F.);
#2138 = EDGE_CURVE('',#2122,#2080,#2139,.T.);
#2139 = LINE('',#2140,#2141);
#2140 = CARTESIAN_POINT('',(89.79154,72.0852,0.E+000));
#2141 = VECTOR('',#2142,1.);
#2142 = DIRECTION('',(-1.,0.E+000,0.E+000));
#2143 = PLANE('',#2144);
#2144 = AXIS2_PLACEMENT_3D('',#2145,#2146,#2147);
#2145 = CARTESIAN_POINT('',(89.79154,72.0852,0.E+000));
#2146 = DIRECTION('',(0.E+000,-1.,0.E+000));
#2147 = DIRECTION('',(-1.,0.E+000,0.E+000));
#2148 = ADVANCED_FACE('',(#2149),#2176,.F.);
#2149 = FACE_BOUND('',#2150,.T.);
#2150 = EDGE_LOOP('',(#2151,#2161,#2168,#2169));
#2151 = ORIENTED_EDGE('',*,*,#2152,.T.);
#2152 = EDGE_CURVE('',#2153,#2155,#2157,.T.);
#2153 = VERTEX_POINT('',#2154);
#2154 = CARTESIAN_POINT('',(89.79154,71.1708,0.E+000));
#2155 = VERTEX_POINT('',#2156);
#2156 = CARTESIAN_POINT('',(89.79154,71.1708,0.41148));
#2157 = LINE('',#2158,#2159);
#2158 = CARTESIAN_POINT('',(89.79154,71.1708,0.E+000));
#2159 = VECTOR('',#2160,1.);
#2160 = DIRECTION('',(0.E+000,0.E+000,1.));
#2161 = ORIENTED_EDGE('',*,*,#2162,.T.);
#2162 = EDGE_CURVE('',#2155,#2124,#2163,.T.);
#2163 = CIRCLE('',#2164,0.4572);
#2164 = AXIS2_PLACEMENT_3D('',#2165,#2166,#2167);
#2165 = CARTESIAN_POINT('',(89.79154,71.628,0.41148));
#2166 = DIRECTION('',(0.E+000,0.E+000,1.));
#2167 = DIRECTION('',(-0.E+000,-1.,0.E+000));
#2168 = ORIENTED_EDGE('',*,*,#2121,.F.);
#2169 = ORIENTED_EDGE('',*,*,#2170,.F.);
#2170 = EDGE_CURVE('',#2153,#2122,#2171,.T.);
#2171 = CIRCLE('',#2172,0.4572);
#2172 = AXIS2_PLACEMENT_3D('',#2173,#2174,#2175);
#2173 = CARTESIAN_POINT('',(89.79154,71.628,0.E+000));
#2174 = DIRECTION('',(0.E+000,0.E+000,1.));
#2175 = DIRECTION('',(-0.E+000,-1.,0.E+000));
#2176 = CYLINDRICAL_SURFACE('',#2177,0.4572);
#2177 = AXIS2_PLACEMENT_3D('',#2178,#2179,#2180);
#2178 = CARTESIAN_POINT('',(89.79154,71.628,0.E+000));
#2179 = DIRECTION('',(-0.E+000,-0.E+000,-1.));
#2180 = DIRECTION('',(-0.E+000,-1.,0.E+000));
#2181 = ADVANCED_FACE('',(#2182),#2198,.T.);
#2182 = FACE_BOUND('',#2183,.T.);
#2183 = EDGE_LOOP('',(#2184,#2185,#2191,#2192));
#2184 = ORIENTED_EDGE('',*,*,#2098,.T.);
#2185 = ORIENTED_EDGE('',*,*,#2186,.T.);
#2186 = EDGE_CURVE('',#2090,#2155,#2187,.T.);
#2187 = LINE('',#2188,#2189);
#2188 = CARTESIAN_POINT('',(89.78646,71.1708,0.41148));
#2189 = VECTOR('',#2190,1.);
#2190 = DIRECTION('',(1.,0.E+000,0.E+000));
#2191 = ORIENTED_EDGE('',*,*,#2152,.F.);
#2192 = ORIENTED_EDGE('',*,*,#2193,.F.);
#2193 = EDGE_CURVE('',#2099,#2153,#2194,.T.);
#2194 = LINE('',#2195,#2196);
#2195 = CARTESIAN_POINT('',(89.78646,71.1708,0.E+000));
#2196 = VECTOR('',#2197,1.);
#2197 = DIRECTION('',(1.,0.E+000,0.E+000));
#2198 = PLANE('',#2199);
#2199 = AXIS2_PLACEMENT_3D('',#2200,#2201,#2202);
#2200 = CARTESIAN_POINT('',(89.78646,71.1708,0.E+000));
#2201 = DIRECTION('',(0.E+000,1.,0.E+000));
#2202 = DIRECTION('',(1.,0.E+000,0.E+000));
#2203 = ADVANCED_FACE('',(#2204),#2231,.F.);
#2204 = FACE_BOUND('',#2205,.T.);
#2205 = EDGE_LOOP('',(#2206,#2216,#2223,#2224));
#2206 = ORIENTED_EDGE('',*,*,#2207,.T.);
#2207 = EDGE_CURVE('',#2208,#2210,#2212,.T.);
#2208 = VERTEX_POINT('',#2209);
#2209 = CARTESIAN_POINT('',(86.027,89.565,0.E+000));
#2210 = VERTEX_POINT('',#2211);
#2211 = CARTESIAN_POINT('',(86.027,89.565,0.41148));
#2212 = LINE('',#2213,#2214);
#2213 = CARTESIAN_POINT('',(86.027,89.565,0.E+000));
#2214 = VECTOR('',#2215,1.);
#2215 = DIRECTION('',(0.E+000,0.E+000,1.));
#2216 = ORIENTED_EDGE('',*,*,#2217,.T.);
#2217 = EDGE_CURVE('',#2210,#2210,#2218,.T.);
#2218 = CIRCLE('',#2219,0.457);
#2219 = AXIS2_PLACEMENT_3D('',#2220,#2221,#2222);
#2220 = CARTESIAN_POINT('',(85.57,89.565,0.41148));
#2221 = DIRECTION('',(0.E+000,0.E+000,1.));
#2222 = DIRECTION('',(1.,0.E+000,-0.E+000));
#2223 = ORIENTED_EDGE('',*,*,#2207,.F.);
#2224 = ORIENTED_EDGE('',*,*,#2225,.F.);
#2225 = EDGE_CURVE('',#2208,#2208,#2226,.T.);
#2226 = CIRCLE('',#2227,0.457);
#2227 = AXIS2_PLACEMENT_3D('',#2228,#2229,#2230);
#2228 = CARTESIAN_POINT('',(85.57,89.565,0.E+000));
#2229 = DIRECTION('',(0.E+000,0.E+000,1.));
#2230 = DIRECTION('',(1.,0.E+000,-0.E+000));
#2231 = CYLINDRICAL_SURFACE('',#2232,0.457);
#2232 = AXIS2_PLACEMENT_3D('',#2233,#2234,#2235);
#2233 = CARTESIAN_POINT('',(85.57,89.565,0.E+000));
#2234 = DIRECTION('',(-0.E+000,-0.E+000,-1.));
#2235 = DIRECTION('',(1.,0.E+000,-0.E+000));
#2236 = ADVANCED_FACE('',(#2237),#2273,.F.);
#2237 = FACE_BOUND('',#2238,.T.);
#2238 = EDGE_LOOP('',(#2239,#2249,#2258,#2266));
#2239 = ORIENTED_EDGE('',*,*,#2240,.T.);
#2240 = EDGE_CURVE('',#2241,#2243,#2245,.T.);
#2241 = VERTEX_POINT('',#2242);
#2242 = CARTESIAN_POINT('',(89.78646,74.6252,0.E+000));
#2243 = VERTEX_POINT('',#2244);
#2244 = CARTESIAN_POINT('',(89.78646,74.6252,0.41148));
#2245 = LINE('',#2246,#2247);
#2246 = CARTESIAN_POINT('',(89.78646,74.6252,0.E+000));
#2247 = VECTOR('',#2248,1.);
#2248 = DIRECTION('',(0.E+000,0.E+000,1.));
#2249 = ORIENTED_EDGE('',*,*,#2250,.T.);
#2250 = EDGE_CURVE('',#2243,#2251,#2253,.T.);
#2251 = VERTEX_POINT('',#2252);
#2252 = CARTESIAN_POINT('',(89.78646,73.7108,0.41148));
#2253 = CIRCLE('',#2254,0.4572);
#2254 = AXIS2_PLACEMENT_3D('',#2255,#2256,#2257);
#2255 = CARTESIAN_POINT('',(89.78646,74.168,0.41148));
#2256 = DIRECTION('',(0.E+000,-0.E+000,1.));
#2257 = DIRECTION('',(0.E+000,1.,0.E+000));
#2258 = ORIENTED_EDGE('',*,*,#2259,.F.);
#2259 = EDGE_CURVE('',#2260,#2251,#2262,.T.);
#2260 = VERTEX_POINT('',#2261);
#2261 = CARTESIAN_POINT('',(89.78646,73.7108,0.E+000));
#2262 = LINE('',#2263,#2264);
#2263 = CARTESIAN_POINT('',(89.78646,73.7108,0.E+000));
#2264 = VECTOR('',#2265,1.);
#2265 = DIRECTION('',(0.E+000,0.E+000,1.));
#2266 = ORIENTED_EDGE('',*,*,#2267,.F.);
#2267 = EDGE_CURVE('',#2241,#2260,#2268,.T.);
#2268 = CIRCLE('',#2269,0.4572);
#2269 = AXIS2_PLACEMENT_3D('',#2270,#2271,#2272);
#2270 = CARTESIAN_POINT('',(89.78646,74.168,0.E+000));
#2271 = DIRECTION('',(0.E+000,-0.E+000,1.));
#2272 = DIRECTION('',(0.E+000,1.,0.E+000));
#2273 = CYLINDRICAL_SURFACE('',#2274,0.4572);
#2274 = AXIS2_PLACEMENT_3D('',#2275,#2276,#2277);
#2275 = CARTESIAN_POINT('',(89.78646,74.168,0.E+000));
#2276 = DIRECTION('',(-0.E+000,0.E+000,-1.));
#2277 = DIRECTION('',(0.E+000,1.,0.E+000));
#2278 = ADVANCED_FACE('',(#2279),#2304,.T.);
#2279 = FACE_BOUND('',#2280,.T.);
#2280 = EDGE_LOOP('',(#2281,#2291,#2297,#2298));
#2281 = ORIENTED_EDGE('',*,*,#2282,.T.);
#2282 = EDGE_CURVE('',#2283,#2285,#2287,.T.);
#2283 = VERTEX_POINT('',#2284);
#2284 = CARTESIAN_POINT('',(89.79154,74.6252,0.E+000));
#2285 = VERTEX_POINT('',#2286);
#2286 = CARTESIAN_POINT('',(89.79154,74.6252,0.41148));
#2287 = LINE('',#2288,#2289);
#2288 = CARTESIAN_POINT('',(89.79154,74.6252,0.E+000));
#2289 = VECTOR('',#2290,1.);
#2290 = DIRECTION('',(0.E+000,0.E+000,1.));
#2291 = ORIENTED_EDGE('',*,*,#2292,.T.);
#2292 = EDGE_CURVE('',#2285,#2243,#2293,.T.);
#2293 = LINE('',#2294,#2295);
#2294 = CARTESIAN_POINT('',(89.79154,74.6252,0.41148));
#2295 = VECTOR('',#2296,1.);
#2296 = DIRECTION('',(-1.,0.E+000,0.E+000));
#2297 = ORIENTED_EDGE('',*,*,#2240,.F.);
#2298 = ORIENTED_EDGE('',*,*,#2299,.F.);
#2299 = EDGE_CURVE('',#2283,#2241,#2300,.T.);
#2300 = LINE('',#2301,#2302);
#2301 = CARTESIAN_POINT('',(89.79154,74.6252,0.E+000));
#2302 = VECTOR('',#2303,1.);
#2303 = DIRECTION('',(-1.,0.E+000,0.E+000));
#2304 = PLANE('',#2305);
#2305 = AXIS2_PLACEMENT_3D('',#2306,#2307,#2308);
#2306 = CARTESIAN_POINT('',(89.79154,74.6252,0.E+000));
#2307 = DIRECTION('',(0.E+000,-1.,0.E+000));
#2308 = DIRECTION('',(-1.,0.E+000,0.E+000));
#2309 = ADVANCED_FACE('',(#2310),#2337,.F.);
#2310 = FACE_BOUND('',#2311,.T.);
#2311 = EDGE_LOOP('',(#2312,#2322,#2329,#2330));
#2312 = ORIENTED_EDGE('',*,*,#2313,.T.);
#2313 = EDGE_CURVE('',#2314,#2316,#2318,.T.);
#2314 = VERTEX_POINT('',#2315);
#2315 = CARTESIAN_POINT('',(89.79154,73.7108,0.E+000));
#2316 = VERTEX_POINT('',#2317);
#2317 = CARTESIAN_POINT('',(89.79154,73.7108,0.41148));
#2318 = LINE('',#2319,#2320);
#2319 = CARTESIAN_POINT('',(89.79154,73.7108,0.E+000));
#2320 = VECTOR('',#2321,1.);
#2321 = DIRECTION('',(0.E+000,0.E+000,1.));
#2322 = ORIENTED_EDGE('',*,*,#2323,.T.);
#2323 = EDGE_CURVE('',#2316,#2285,#2324,.T.);
#2324 = CIRCLE('',#2325,0.4572);
#2325 = AXIS2_PLACEMENT_3D('',#2326,#2327,#2328);
#2326 = CARTESIAN_POINT('',(89.79154,74.168,0.41148));
#2327 = DIRECTION('',(0.E+000,0.E+000,1.));
#2328 = DIRECTION('',(-0.E+000,-1.,0.E+000));
#2329 = ORIENTED_EDGE('',*,*,#2282,.F.);
#2330 = ORIENTED_EDGE('',*,*,#2331,.F.);
#2331 = EDGE_CURVE('',#2314,#2283,#2332,.T.);
#2332 = CIRCLE('',#2333,0.4572);
#2333 = AXIS2_PLACEMENT_3D('',#2334,#2335,#2336);
#2334 = CARTESIAN_POINT('',(89.79154,74.168,0.E+000));
#2335 = DIRECTION('',(0.E+000,0.E+000,1.));
#2336 = DIRECTION('',(-0.E+000,-1.,0.E+000));
#2337 = CYLINDRICAL_SURFACE('',#2338,0.4572);
#2338 = AXIS2_PLACEMENT_3D('',#2339,#2340,#2341);
#2339 = CARTESIAN_POINT('',(89.79154,74.168,0.E+000));
#2340 = DIRECTION('',(-0.E+000,-0.E+000,-1.));
#2341 = DIRECTION('',(-0.E+000,-1.,0.E+000));
#2342 = ADVANCED_FACE('',(#2343),#2359,.T.);
#2343 = FACE_BOUND('',#2344,.T.);
#2344 = EDGE_LOOP('',(#2345,#2346,#2352,#2353));
#2345 = ORIENTED_EDGE('',*,*,#2259,.T.);
#2346 = ORIENTED_EDGE('',*,*,#2347,.T.);
#2347 = EDGE_CURVE('',#2251,#2316,#2348,.T.);
#2348 = LINE('',#2349,#2350);
#2349 = CARTESIAN_POINT('',(89.78646,73.7108,0.41148));
#2350 = VECTOR('',#2351,1.);
#2351 = DIRECTION('',(1.,0.E+000,0.E+000));
#2352 = ORIENTED_EDGE('',*,*,#2313,.F.);
#2353 = ORIENTED_EDGE('',*,*,#2354,.F.);
#2354 = EDGE_CURVE('',#2260,#2314,#2355,.T.);
#2355 = LINE('',#2356,#2357);
#2356 = CARTESIAN_POINT('',(89.78646,73.7108,0.E+000));
#2357 = VECTOR('',#2358,1.);
#2358 = DIRECTION('',(1.,0.E+000,0.E+000));
#2359 = PLANE('',#2360);
#2360 = AXIS2_PLACEMENT_3D('',#2361,#2362,#2363);
#2361 = CARTESIAN_POINT('',(89.78646,73.7108,0.E+000));
#2362 = DIRECTION('',(0.E+000,1.,0.E+000));
#2363 = DIRECTION('',(1.,0.E+000,0.E+000));
#2364 = ADVANCED_FACE('',(#2365),#2392,.F.);
#2365 = FACE_BOUND('',#2366,.T.);
#2366 = EDGE_LOOP('',(#2367,#2377,#2384,#2385));
#2367 = ORIENTED_EDGE('',*,*,#2368,.T.);
#2368 = EDGE_CURVE('',#2369,#2371,#2373,.T.);
#2369 = VERTEX_POINT('',#2370);
#2370 = CARTESIAN_POINT('',(112.918,44.704,0.E+000));
#2371 = VERTEX_POINT('',#2372);
#2372 = CARTESIAN_POINT('',(112.918,44.704,0.41148));
#2373 = LINE('',#2374,#2375);
#2374 = CARTESIAN_POINT('',(112.918,44.704,0.E+000));
#2375 = VECTOR('',#2376,1.);
#2376 = DIRECTION('',(0.E+000,0.E+000,1.));
#2377 = ORIENTED_EDGE('',*,*,#2378,.T.);
#2378 = EDGE_CURVE('',#2371,#2371,#2379,.T.);
#2379 = CIRCLE('',#2380,0.65);
#2380 = AXIS2_PLACEMENT_3D('',#2381,#2382,#2383);
#2381 = CARTESIAN_POINT('',(112.268,44.704,0.41148));
#2382 = DIRECTION('',(0.E+000,0.E+000,1.));
#2383 = DIRECTION('',(1.,0.E+000,-0.E+000));
#2384 = ORIENTED_EDGE('',*,*,#2368,.F.);
#2385 = ORIENTED_EDGE('',*,*,#2386,.F.);
#2386 = EDGE_CURVE('',#2369,#2369,#2387,.T.);
#2387 = CIRCLE('',#2388,0.65);
#2388 = AXIS2_PLACEMENT_3D('',#2389,#2390,#2391);
#2389 = CARTESIAN_POINT('',(112.268,44.704,0.E+000));
#2390 = DIRECTION('',(0.E+000,0.E+000,1.));
#2391 = DIRECTION('',(1.,0.E+000,-0.E+000));
#2392 = CYLINDRICAL_SURFACE('',#2393,0.65);
#2393 = AXIS2_PLACEMENT_3D('',#2394,#2395,#2396);
#2394 = CARTESIAN_POINT('',(112.268,44.704,0.E+000));
#2395 = DIRECTION('',(-0.E+000,-0.E+000,-1.));
#2396 = DIRECTION('',(1.,0.E+000,-0.E+000));
#2397 = ADVANCED_FACE('',(#2398),#2425,.F.);
#2398 = FACE_BOUND('',#2399,.T.);
#2399 = EDGE_LOOP('',(#2400,#2410,#2417,#2418));
#2400 = ORIENTED_EDGE('',*,*,#2401,.T.);
#2401 = EDGE_CURVE('',#2402,#2404,#2406,.T.);
#2402 = VERTEX_POINT('',#2403);
#2403 = CARTESIAN_POINT('',(99.48,44.577,0.E+000));
#2404 = VERTEX_POINT('',#2405);
#2405 = CARTESIAN_POINT('',(99.48,44.577,0.41148));
#2406 = LINE('',#2407,#2408);
#2407 = CARTESIAN_POINT('',(99.48,44.577,0.E+000));
#2408 = VECTOR('',#2409,1.);
#2409 = DIRECTION('',(0.E+000,0.E+000,1.));
#2410 = ORIENTED_EDGE('',*,*,#2411,.T.);
#2411 = EDGE_CURVE('',#2404,#2404,#2412,.T.);
#2412 = CIRCLE('',#2413,0.5);
#2413 = AXIS2_PLACEMENT_3D('',#2414,#2415,#2416);
#2414 = CARTESIAN_POINT('',(98.98,44.577,0.41148));
#2415 = DIRECTION('',(0.E+000,0.E+000,1.));
#2416 = DIRECTION('',(1.,0.E+000,-0.E+000));
#2417 = ORIENTED_EDGE('',*,*,#2401,.F.);
#2418 = ORIENTED_EDGE('',*,*,#2419,.F.);
#2419 = EDGE_CURVE('',#2402,#2402,#2420,.T.);
#2420 = CIRCLE('',#2421,0.5);
#2421 = AXIS2_PLACEMENT_3D('',#2422,#2423,#2424);
#2422 = CARTESIAN_POINT('',(98.98,44.577,0.E+000));
#2423 = DIRECTION('',(0.E+000,0.E+000,1.));
#2424 = DIRECTION('',(1.,0.E+000,-0.E+000));
#2425 = CYLINDRICAL_SURFACE('',#2426,0.5);
#2426 = AXIS2_PLACEMENT_3D('',#2427,#2428,#2429);
#2427 = CARTESIAN_POINT('',(98.98,44.577,0.E+000));
#2428 = DIRECTION('',(-0.E+000,-0.E+000,-1.));
#2429 = DIRECTION('',(1.,0.E+000,-0.E+000));
#2430 = ADVANCED_FACE('',(#2431),#2458,.F.);
#2431 = FACE_BOUND('',#2432,.T.);
#2432 = EDGE_LOOP('',(#2433,#2443,#2450,#2451));
#2433 = ORIENTED_EDGE('',*,*,#2434,.T.);
#2434 = EDGE_CURVE('',#2435,#2437,#2439,.T.);
#2435 = VERTEX_POINT('',#2436);
#2436 = CARTESIAN_POINT('',(120.438,44.704,0.E+000));
#2437 = VERTEX_POINT('',#2438);
#2438 = CARTESIAN_POINT('',(120.438,44.704,0.41148));
#2439 = LINE('',#2440,#2441);
#2440 = CARTESIAN_POINT('',(120.438,44.704,0.E+000));
#2441 = VECTOR('',#2442,1.);
#2442 = DIRECTION('',(0.E+000,0.E+000,1.));
#2443 = ORIENTED_EDGE('',*,*,#2444,.T.);
#2444 = EDGE_CURVE('',#2437,#2437,#2445,.T.);
#2445 = CIRCLE('',#2446,0.55);
#2446 = AXIS2_PLACEMENT_3D('',#2447,#2448,#2449);
#2447 = CARTESIAN_POINT('',(119.888,44.704,0.41148));
#2448 = DIRECTION('',(0.E+000,0.E+000,1.));
#2449 = DIRECTION('',(1.,0.E+000,-0.E+000));
#2450 = ORIENTED_EDGE('',*,*,#2434,.F.);
#2451 = ORIENTED_EDGE('',*,*,#2452,.F.);
#2452 = EDGE_CURVE('',#2435,#2435,#2453,.T.);
#2453 = CIRCLE('',#2454,0.55);
#2454 = AXIS2_PLACEMENT_3D('',#2455,#2456,#2457);
#2455 = CARTESIAN_POINT('',(119.888,44.704,0.E+000));
#2456 = DIRECTION('',(0.E+000,0.E+000,1.));
#2457 = DIRECTION('',(1.,0.E+000,-0.E+000));
#2458 = CYLINDRICAL_SURFACE('',#2459,0.55);
#2459 = AXIS2_PLACEMENT_3D('',#2460,#2461,#2462);
#2460 = CARTESIAN_POINT('',(119.888,44.704,0.E+000));
#2461 = DIRECTION('',(-0.E+000,-0.E+000,-1.));
#2462 = DIRECTION('',(1.,0.E+000,-0.E+000));
#2463 = ADVANCED_FACE('',(#2464),#2491,.F.);
#2464 = FACE_BOUND('',#2465,.T.);
#2465 = EDGE_LOOP('',(#2466,#2476,#2483,#2484));
#2466 = ORIENTED_EDGE('',*,*,#2467,.T.);
#2467 = EDGE_CURVE('',#2468,#2470,#2472,.T.);
#2468 = VERTEX_POINT('',#2469);
#2469 = CARTESIAN_POINT('',(115.358,44.704,0.E+000));
#2470 = VERTEX_POINT('',#2471);
#2471 = CARTESIAN_POINT('',(115.358,44.704,0.41148));
#2472 = LINE('',#2473,#2474);
#2473 = CARTESIAN_POINT('',(115.358,44.704,0.E+000));
#2474 = VECTOR('',#2475,1.);
#2475 = DIRECTION('',(0.E+000,0.E+000,1.));
#2476 = ORIENTED_EDGE('',*,*,#2477,.T.);
#2477 = EDGE_CURVE('',#2470,#2470,#2478,.T.);
#2478 = CIRCLE('',#2479,0.55);
#2479 = AXIS2_PLACEMENT_3D('',#2480,#2481,#2482);
#2480 = CARTESIAN_POINT('',(114.808,44.704,0.41148));
#2481 = DIRECTION('',(0.E+000,0.E+000,1.));
#2482 = DIRECTION('',(1.,0.E+000,-0.E+000));
#2483 = ORIENTED_EDGE('',*,*,#2467,.F.);
#2484 = ORIENTED_EDGE('',*,*,#2485,.F.);
#2485 = EDGE_CURVE('',#2468,#2468,#2486,.T.);
#2486 = CIRCLE('',#2487,0.55);
#2487 = AXIS2_PLACEMENT_3D('',#2488,#2489,#2490);
#2488 = CARTESIAN_POINT('',(114.808,44.704,0.E+000));
#2489 = DIRECTION('',(0.E+000,0.E+000,1.));
#2490 = DIRECTION('',(1.,0.E+000,-0.E+000));
#2491 = CYLINDRICAL_SURFACE('',#2492,0.55);
#2492 = AXIS2_PLACEMENT_3D('',#2493,#2494,#2495);
#2493 = CARTESIAN_POINT('',(114.808,44.704,0.E+000));
#2494 = DIRECTION('',(-0.E+000,-0.E+000,-1.));
#2495 = DIRECTION('',(1.,0.E+000,-0.E+000));
#2496 = ADVANCED_FACE('',(#2497),#2524,.F.);
#2497 = FACE_BOUND('',#2498,.T.);
#2498 = EDGE_LOOP('',(#2499,#2509,#2516,#2517));
#2499 = ORIENTED_EDGE('',*,*,#2500,.T.);
#2500 = EDGE_CURVE('',#2501,#2503,#2505,.T.);
#2501 = VERTEX_POINT('',#2502);
#2502 = CARTESIAN_POINT('',(117.898,44.704,0.E+000));
#2503 = VERTEX_POINT('',#2504);
#2504 = CARTESIAN_POINT('',(117.898,44.704,0.41148));
#2505 = LINE('',#2506,#2507);
#2506 = CARTESIAN_POINT('',(117.898,44.704,0.E+000));
#2507 = VECTOR('',#2508,1.);
#2508 = DIRECTION('',(0.E+000,0.E+000,1.));
#2509 = ORIENTED_EDGE('',*,*,#2510,.T.);
#2510 = EDGE_CURVE('',#2503,#2503,#2511,.T.);
#2511 = CIRCLE('',#2512,0.55);
#2512 = AXIS2_PLACEMENT_3D('',#2513,#2514,#2515);
#2513 = CARTESIAN_POINT('',(117.348,44.704,0.41148));
#2514 = DIRECTION('',(0.E+000,0.E+000,1.));
#2515 = DIRECTION('',(1.,0.E+000,-0.E+000));
#2516 = ORIENTED_EDGE('',*,*,#2500,.F.);
#2517 = ORIENTED_EDGE('',*,*,#2518,.F.);
#2518 = EDGE_CURVE('',#2501,#2501,#2519,.T.);
#2519 = CIRCLE('',#2520,0.55);
#2520 = AXIS2_PLACEMENT_3D('',#2521,#2522,#2523);
#2521 = CARTESIAN_POINT('',(117.348,44.704,0.E+000));
#2522 = DIRECTION('',(0.E+000,0.E+000,1.));
#2523 = DIRECTION('',(1.,0.E+000,-0.E+000));
#2524 = CYLINDRICAL_SURFACE('',#2525,0.55);
#2525 = AXIS2_PLACEMENT_3D('',#2526,#2527,#2528);
#2526 = CARTESIAN_POINT('',(117.348,44.704,0.E+000));
#2527 = DIRECTION('',(-0.E+000,-0.E+000,-1.));
#2528 = DIRECTION('',(1.,0.E+000,-0.E+000));
#2529 = ADVANCED_FACE('',(#2530),#2557,.F.);
#2530 = FACE_BOUND('',#2531,.T.);
#2531 = EDGE_LOOP('',(#2532,#2542,#2549,#2550));
#2532 = ORIENTED_EDGE('',*,*,#2533,.T.);
#2533 = EDGE_CURVE('',#2534,#2536,#2538,.T.);
#2534 = VERTEX_POINT('',#2535);
#2535 = CARTESIAN_POINT('',(115.035,50.35,0.E+000));
#2536 = VERTEX_POINT('',#2537);
#2537 = CARTESIAN_POINT('',(115.035,50.35,0.41148));
#2538 = LINE('',#2539,#2540);
#2539 = CARTESIAN_POINT('',(115.035,50.35,0.E+000));
#2540 = VECTOR('',#2541,1.);
#2541 = DIRECTION('',(0.E+000,0.E+000,1.));
#2542 = ORIENTED_EDGE('',*,*,#2543,.T.);
#2543 = EDGE_CURVE('',#2536,#2536,#2544,.T.);
#2544 = CIRCLE('',#2545,1.6);
#2545 = AXIS2_PLACEMENT_3D('',#2546,#2547,#2548);
#2546 = CARTESIAN_POINT('',(113.435,50.35,0.41148));
#2547 = DIRECTION('',(0.E+000,0.E+000,1.));
#2548 = DIRECTION('',(1.,0.E+000,-0.E+000));
#2549 = ORIENTED_EDGE('',*,*,#2533,.F.);
#2550 = ORIENTED_EDGE('',*,*,#2551,.F.);
#2551 = EDGE_CURVE('',#2534,#2534,#2552,.T.);
#2552 = CIRCLE('',#2553,1.6);
#2553 = AXIS2_PLACEMENT_3D('',#2554,#2555,#2556);
#2554 = CARTESIAN_POINT('',(113.435,50.35,0.E+000));
#2555 = DIRECTION('',(0.E+000,0.E+000,1.));
#2556 = DIRECTION('',(1.,0.E+000,-0.E+000));
#2557 = CYLINDRICAL_SURFACE('',#2558,1.6);
#2558 = AXIS2_PLACEMENT_3D('',#2559,#2560,#2561);
#2559 = CARTESIAN_POINT('',(113.435,50.35,0.E+000));
#2560 = DIRECTION('',(-0.E+000,-0.E+000,-1.));
#2561 = DIRECTION('',(1.,0.E+000,-0.E+000));
#2562 = ADVANCED_FACE('',(#2563),#2599,.F.);
#2563 = FACE_BOUND('',#2564,.T.);
#2564 = EDGE_LOOP('',(#2565,#2575,#2584,#2592));
#2565 = ORIENTED_EDGE('',*,*,#2566,.T.);
#2566 = EDGE_CURVE('',#2567,#2569,#2571,.T.);
#2567 = VERTEX_POINT('',#2568);
#2568 = CARTESIAN_POINT('',(115.6462,71.63054,0.E+000));
#2569 = VERTEX_POINT('',#2570);
#2570 = CARTESIAN_POINT('',(115.6462,71.63054,0.41148));
#2571 = LINE('',#2572,#2573);
#2572 = CARTESIAN_POINT('',(115.6462,71.63054,0.E+000));
#2573 = VECTOR('',#2574,1.);
#2574 = DIRECTION('',(0.E+000,0.E+000,1.));
#2575 = ORIENTED_EDGE('',*,*,#2576,.T.);
#2576 = EDGE_CURVE('',#2569,#2577,#2579,.T.);
#2577 = VERTEX_POINT('',#2578);
#2578 = CARTESIAN_POINT('',(114.7318,71.63054,0.41148));
#2579 = CIRCLE('',#2580,0.4572);
#2580 = AXIS2_PLACEMENT_3D('',#2581,#2582,#2583);
#2581 = CARTESIAN_POINT('',(115.189,71.63054,0.41148));
#2582 = DIRECTION('',(0.E+000,0.E+000,1.));
#2583 = DIRECTION('',(1.,0.E+000,-0.E+000));
#2584 = ORIENTED_EDGE('',*,*,#2585,.F.);
#2585 = EDGE_CURVE('',#2586,#2577,#2588,.T.);
#2586 = VERTEX_POINT('',#2587);
#2587 = CARTESIAN_POINT('',(114.7318,71.63054,0.E+000));
#2588 = LINE('',#2589,#2590);
#2589 = CARTESIAN_POINT('',(114.7318,71.63054,0.E+000));
#2590 = VECTOR('',#2591,1.);
#2591 = DIRECTION('',(0.E+000,0.E+000,1.));
#2592 = ORIENTED_EDGE('',*,*,#2593,.F.);
#2593 = EDGE_CURVE('',#2567,#2586,#2594,.T.);
#2594 = CIRCLE('',#2595,0.4572);
#2595 = AXIS2_PLACEMENT_3D('',#2596,#2597,#2598);
#2596 = CARTESIAN_POINT('',(115.189,71.63054,0.E+000));
#2597 = DIRECTION('',(0.E+000,0.E+000,1.));
#2598 = DIRECTION('',(1.,0.E+000,-0.E+000));
#2599 = CYLINDRICAL_SURFACE('',#2600,0.4572);
#2600 = AXIS2_PLACEMENT_3D('',#2601,#2602,#2603);
#2601 = CARTESIAN_POINT('',(115.189,71.63054,0.E+000));
#2602 = DIRECTION('',(-0.E+000,-0.E+000,-1.));
#2603 = DIRECTION('',(1.,0.E+000,-0.E+000));
#2604 = ADVANCED_FACE('',(#2605),#2630,.T.);
#2605 = FACE_BOUND('',#2606,.T.);
#2606 = EDGE_LOOP('',(#2607,#2617,#2623,#2624));
#2607 = ORIENTED_EDGE('',*,*,#2608,.T.);
#2608 = EDGE_CURVE('',#2609,#2611,#2613,.T.);
#2609 = VERTEX_POINT('',#2610);
#2610 = CARTESIAN_POINT('',(115.6462,71.62546,0.E+000));
#2611 = VERTEX_POINT('',#2612);
#2612 = CARTESIAN_POINT('',(115.6462,71.62546,0.41148));
#2613 = LINE('',#2614,#2615);
#2614 = CARTESIAN_POINT('',(115.6462,71.62546,0.E+000));
#2615 = VECTOR('',#2616,1.);
#2616 = DIRECTION('',(0.E+000,0.E+000,1.));
#2617 = ORIENTED_EDGE('',*,*,#2618,.T.);
#2618 = EDGE_CURVE('',#2611,#2569,#2619,.T.);
#2619 = LINE('',#2620,#2621);
#2620 = CARTESIAN_POINT('',(115.6462,71.62546,0.41148));
#2621 = VECTOR('',#2622,1.);
#2622 = DIRECTION('',(0.E+000,1.,0.E+000));
#2623 = ORIENTED_EDGE('',*,*,#2566,.F.);
#2624 = ORIENTED_EDGE('',*,*,#2625,.F.);
#2625 = EDGE_CURVE('',#2609,#2567,#2626,.T.);
#2626 = LINE('',#2627,#2628);
#2627 = CARTESIAN_POINT('',(115.6462,71.62546,0.E+000));
#2628 = VECTOR('',#2629,1.);
#2629 = DIRECTION('',(0.E+000,1.,0.E+000));
#2630 = PLANE('',#2631);
#2631 = AXIS2_PLACEMENT_3D('',#2632,#2633,#2634);
#2632 = CARTESIAN_POINT('',(115.6462,71.62546,0.E+000));
#2633 = DIRECTION('',(-1.,0.E+000,0.E+000));
#2634 = DIRECTION('',(0.E+000,1.,0.E+000));
#2635 = ADVANCED_FACE('',(#2636),#2663,.F.);
#2636 = FACE_BOUND('',#2637,.T.);
#2637 = EDGE_LOOP('',(#2638,#2648,#2655,#2656));
#2638 = ORIENTED_EDGE('',*,*,#2639,.T.);
#2639 = EDGE_CURVE('',#2640,#2642,#2644,.T.);
#2640 = VERTEX_POINT('',#2641);
#2641 = CARTESIAN_POINT('',(114.7318,71.62546,0.E+000));
#2642 = VERTEX_POINT('',#2643);
#2643 = CARTESIAN_POINT('',(114.7318,71.62546,0.41148));
#2644 = LINE('',#2645,#2646);
#2645 = CARTESIAN_POINT('',(114.7318,71.62546,0.E+000));
#2646 = VECTOR('',#2647,1.);
#2647 = DIRECTION('',(0.E+000,0.E+000,1.));
#2648 = ORIENTED_EDGE('',*,*,#2649,.T.);
#2649 = EDGE_CURVE('',#2642,#2611,#2650,.T.);
#2650 = CIRCLE('',#2651,0.4572);
#2651 = AXIS2_PLACEMENT_3D('',#2652,#2653,#2654);
#2652 = CARTESIAN_POINT('',(115.189,71.62546,0.41148));
#2653 = DIRECTION('',(0.E+000,0.E+000,1.));
#2654 = DIRECTION('',(-1.,0.E+000,-0.E+000));
#2655 = ORIENTED_EDGE('',*,*,#2608,.F.);
#2656 = ORIENTED_EDGE('',*,*,#2657,.F.);
#2657 = EDGE_CURVE('',#2640,#2609,#2658,.T.);
#2658 = CIRCLE('',#2659,0.4572);
#2659 = AXIS2_PLACEMENT_3D('',#2660,#2661,#2662);
#2660 = CARTESIAN_POINT('',(115.189,71.62546,0.E+000));
#2661 = DIRECTION('',(0.E+000,0.E+000,1.));
#2662 = DIRECTION('',(-1.,0.E+000,-0.E+000));
#2663 = CYLINDRICAL_SURFACE('',#2664,0.4572);
#2664 = AXIS2_PLACEMENT_3D('',#2665,#2666,#2667);
#2665 = CARTESIAN_POINT('',(115.189,71.62546,0.E+000));
#2666 = DIRECTION('',(-0.E+000,-0.E+000,-1.));
#2667 = DIRECTION('',(-1.,0.E+000,-0.E+000));
#2668 = ADVANCED_FACE('',(#2669),#2685,.T.);
#2669 = FACE_BOUND('',#2670,.T.);
#2670 = EDGE_LOOP('',(#2671,#2672,#2678,#2679));
#2671 = ORIENTED_EDGE('',*,*,#2585,.T.);
#2672 = ORIENTED_EDGE('',*,*,#2673,.T.);
#2673 = EDGE_CURVE('',#2577,#2642,#2674,.T.);
#2674 = LINE('',#2675,#2676);
#2675 = CARTESIAN_POINT('',(114.7318,71.63054,0.41148));
#2676 = VECTOR('',#2677,1.);
#2677 = DIRECTION('',(0.E+000,-1.,0.E+000));
#2678 = ORIENTED_EDGE('',*,*,#2639,.F.);
#2679 = ORIENTED_EDGE('',*,*,#2680,.F.);
#2680 = EDGE_CURVE('',#2586,#2640,#2681,.T.);
#2681 = LINE('',#2682,#2683);
#2682 = CARTESIAN_POINT('',(114.7318,71.63054,0.E+000));
#2683 = VECTOR('',#2684,1.);
#2684 = DIRECTION('',(0.E+000,-1.,0.E+000));
#2685 = PLANE('',#2686);
#2686 = AXIS2_PLACEMENT_3D('',#2687,#2688,#2689);
#2687 = CARTESIAN_POINT('',(114.7318,71.63054,0.E+000));
#2688 = DIRECTION('',(1.,0.E+000,-0.E+000));
#2689 = DIRECTION('',(0.E+000,-1.,0.E+000));
#2690 = ADVANCED_FACE('',(#2691),#2727,.F.);
#2691 = FACE_BOUND('',#2692,.T.);
#2692 = EDGE_LOOP('',(#2693,#2703,#2712,#2720));
#2693 = ORIENTED_EDGE('',*,*,#2694,.T.);
#2694 = EDGE_CURVE('',#2695,#2697,#2699,.T.);
#2695 = VERTEX_POINT('',#2696);
#2696 = CARTESIAN_POINT('',(115.6462,69.09054,0.E+000));
#2697 = VERTEX_POINT('',#2698);
#2698 = CARTESIAN_POINT('',(115.6462,69.09054,0.41148));
#2699 = LINE('',#2700,#2701);
#2700 = CARTESIAN_POINT('',(115.6462,69.09054,0.E+000));
#2701 = VECTOR('',#2702,1.);
#2702 = DIRECTION('',(0.E+000,0.E+000,1.));
#2703 = ORIENTED_EDGE('',*,*,#2704,.T.);
#2704 = EDGE_CURVE('',#2697,#2705,#2707,.T.);
#2705 = VERTEX_POINT('',#2706);
#2706 = CARTESIAN_POINT('',(114.7318,69.09054,0.41148));
#2707 = CIRCLE('',#2708,0.4572);
#2708 = AXIS2_PLACEMENT_3D('',#2709,#2710,#2711);
#2709 = CARTESIAN_POINT('',(115.189,69.09054,0.41148));
#2710 = DIRECTION('',(0.E+000,0.E+000,1.));
#2711 = DIRECTION('',(1.,0.E+000,-0.E+000));
#2712 = ORIENTED_EDGE('',*,*,#2713,.F.);
#2713 = EDGE_CURVE('',#2714,#2705,#2716,.T.);
#2714 = VERTEX_POINT('',#2715);
#2715 = CARTESIAN_POINT('',(114.7318,69.09054,0.E+000));
#2716 = LINE('',#2717,#2718);
#2717 = CARTESIAN_POINT('',(114.7318,69.09054,0.E+000));
#2718 = VECTOR('',#2719,1.);
#2719 = DIRECTION('',(0.E+000,0.E+000,1.));
#2720 = ORIENTED_EDGE('',*,*,#2721,.F.);
#2721 = EDGE_CURVE('',#2695,#2714,#2722,.T.);
#2722 = CIRCLE('',#2723,0.4572);
#2723 = AXIS2_PLACEMENT_3D('',#2724,#2725,#2726);
#2724 = CARTESIAN_POINT('',(115.189,69.09054,0.E+000));
#2725 = DIRECTION('',(0.E+000,0.E+000,1.));
#2726 = DIRECTION('',(1.,0.E+000,-0.E+000));
#2727 = CYLINDRICAL_SURFACE('',#2728,0.4572);
#2728 = AXIS2_PLACEMENT_3D('',#2729,#2730,#2731);
#2729 = CARTESIAN_POINT('',(115.189,69.09054,0.E+000));
#2730 = DIRECTION('',(-0.E+000,-0.E+000,-1.));
#2731 = DIRECTION('',(1.,0.E+000,-0.E+000));
#2732 = ADVANCED_FACE('',(#2733),#2758,.T.);
#2733 = FACE_BOUND('',#2734,.T.);
#2734 = EDGE_LOOP('',(#2735,#2745,#2751,#2752));
#2735 = ORIENTED_EDGE('',*,*,#2736,.T.);
#2736 = EDGE_CURVE('',#2737,#2739,#2741,.T.);
#2737 = VERTEX_POINT('',#2738);
#2738 = CARTESIAN_POINT('',(115.6462,69.08546,0.E+000));
#2739 = VERTEX_POINT('',#2740);
#2740 = CARTESIAN_POINT('',(115.6462,69.08546,0.41148));
#2741 = LINE('',#2742,#2743);
#2742 = CARTESIAN_POINT('',(115.6462,69.08546,0.E+000));
#2743 = VECTOR('',#2744,1.);
#2744 = DIRECTION('',(0.E+000,0.E+000,1.));
#2745 = ORIENTED_EDGE('',*,*,#2746,.T.);
#2746 = EDGE_CURVE('',#2739,#2697,#2747,.T.);
#2747 = LINE('',#2748,#2749);
#2748 = CARTESIAN_POINT('',(115.6462,69.08546,0.41148));
#2749 = VECTOR('',#2750,1.);
#2750 = DIRECTION('',(0.E+000,1.,0.E+000));
#2751 = ORIENTED_EDGE('',*,*,#2694,.F.);
#2752 = ORIENTED_EDGE('',*,*,#2753,.F.);
#2753 = EDGE_CURVE('',#2737,#2695,#2754,.T.);
#2754 = LINE('',#2755,#2756);
#2755 = CARTESIAN_POINT('',(115.6462,69.08546,0.E+000));
#2756 = VECTOR('',#2757,1.);
#2757 = DIRECTION('',(0.E+000,1.,0.E+000));
#2758 = PLANE('',#2759);
#2759 = AXIS2_PLACEMENT_3D('',#2760,#2761,#2762);
#2760 = CARTESIAN_POINT('',(115.6462,69.08546,0.E+000));
#2761 = DIRECTION('',(-1.,0.E+000,0.E+000));
#2762 = DIRECTION('',(0.E+000,1.,0.E+000));
#2763 = ADVANCED_FACE('',(#2764),#2791,.F.);
#2764 = FACE_BOUND('',#2765,.T.);
#2765 = EDGE_LOOP('',(#2766,#2776,#2783,#2784));
#2766 = ORIENTED_EDGE('',*,*,#2767,.T.);
#2767 = EDGE_CURVE('',#2768,#2770,#2772,.T.);
#2768 = VERTEX_POINT('',#2769);
#2769 = CARTESIAN_POINT('',(114.7318,69.08546,0.E+000));
#2770 = VERTEX_POINT('',#2771);
#2771 = CARTESIAN_POINT('',(114.7318,69.08546,0.41148));
#2772 = LINE('',#2773,#2774);
#2773 = CARTESIAN_POINT('',(114.7318,69.08546,0.E+000));
#2774 = VECTOR('',#2775,1.);
#2775 = DIRECTION('',(0.E+000,0.E+000,1.));
#2776 = ORIENTED_EDGE('',*,*,#2777,.T.);
#2777 = EDGE_CURVE('',#2770,#2739,#2778,.T.);
#2778 = CIRCLE('',#2779,0.4572);
#2779 = AXIS2_PLACEMENT_3D('',#2780,#2781,#2782);
#2780 = CARTESIAN_POINT('',(115.189,69.08546,0.41148));
#2781 = DIRECTION('',(0.E+000,0.E+000,1.));
#2782 = DIRECTION('',(-1.,0.E+000,-0.E+000));
#2783 = ORIENTED_EDGE('',*,*,#2736,.F.);
#2784 = ORIENTED_EDGE('',*,*,#2785,.F.);
#2785 = EDGE_CURVE('',#2768,#2737,#2786,.T.);
#2786 = CIRCLE('',#2787,0.4572);
#2787 = AXIS2_PLACEMENT_3D('',#2788,#2789,#2790);
#2788 = CARTESIAN_POINT('',(115.189,69.08546,0.E+000));
#2789 = DIRECTION('',(0.E+000,0.E+000,1.));
#2790 = DIRECTION('',(-1.,0.E+000,-0.E+000));
#2791 = CYLINDRICAL_SURFACE('',#2792,0.4572);
#2792 = AXIS2_PLACEMENT_3D('',#2793,#2794,#2795);
#2793 = CARTESIAN_POINT('',(115.189,69.08546,0.E+000));
#2794 = DIRECTION('',(-0.E+000,-0.E+000,-1.));
#2795 = DIRECTION('',(-1.,0.E+000,-0.E+000));
#2796 = ADVANCED_FACE('',(#2797),#2813,.T.);
#2797 = FACE_BOUND('',#2798,.T.);
#2798 = EDGE_LOOP('',(#2799,#2800,#2806,#2807));
#2799 = ORIENTED_EDGE('',*,*,#2713,.T.);
#2800 = ORIENTED_EDGE('',*,*,#2801,.T.);
#2801 = EDGE_CURVE('',#2705,#2770,#2802,.T.);
#2802 = LINE('',#2803,#2804);
#2803 = CARTESIAN_POINT('',(114.7318,69.09054,0.41148));
#2804 = VECTOR('',#2805,1.);
#2805 = DIRECTION('',(0.E+000,-1.,0.E+000));
#2806 = ORIENTED_EDGE('',*,*,#2767,.F.);
#2807 = ORIENTED_EDGE('',*,*,#2808,.F.);
#2808 = EDGE_CURVE('',#2714,#2768,#2809,.T.);
#2809 = LINE('',#2810,#2811);
#2810 = CARTESIAN_POINT('',(114.7318,69.09054,0.E+000));
#2811 = VECTOR('',#2812,1.);
#2812 = DIRECTION('',(0.E+000,-1.,0.E+000));
#2813 = PLANE('',#2814);
#2814 = AXIS2_PLACEMENT_3D('',#2815,#2816,#2817);
#2815 = CARTESIAN_POINT('',(114.7318,69.09054,0.E+000));
#2816 = DIRECTION('',(1.,0.E+000,-0.E+000));
#2817 = DIRECTION('',(0.E+000,-1.,0.E+000));
#2818 = ADVANCED_FACE('',(#2819),#2855,.F.);
#2819 = FACE_BOUND('',#2820,.T.);
#2820 = EDGE_LOOP('',(#2821,#2831,#2840,#2848));
#2821 = ORIENTED_EDGE('',*,*,#2822,.T.);
#2822 = EDGE_CURVE('',#2823,#2825,#2827,.T.);
#2823 = VERTEX_POINT('',#2824);
#2824 = CARTESIAN_POINT('',(115.6462,74.17054,0.E+000));
#2825 = VERTEX_POINT('',#2826);
#2826 = CARTESIAN_POINT('',(115.6462,74.17054,0.41148));
#2827 = LINE('',#2828,#2829);
#2828 = CARTESIAN_POINT('',(115.6462,74.17054,0.E+000));
#2829 = VECTOR('',#2830,1.);
#2830 = DIRECTION('',(0.E+000,0.E+000,1.));
#2831 = ORIENTED_EDGE('',*,*,#2832,.T.);
#2832 = EDGE_CURVE('',#2825,#2833,#2835,.T.);
#2833 = VERTEX_POINT('',#2834);
#2834 = CARTESIAN_POINT('',(114.7318,74.17054,0.41148));
#2835 = CIRCLE('',#2836,0.4572);
#2836 = AXIS2_PLACEMENT_3D('',#2837,#2838,#2839);
#2837 = CARTESIAN_POINT('',(115.189,74.17054,0.41148));
#2838 = DIRECTION('',(0.E+000,0.E+000,1.));
#2839 = DIRECTION('',(1.,0.E+000,-0.E+000));
#2840 = ORIENTED_EDGE('',*,*,#2841,.F.);
#2841 = EDGE_CURVE('',#2842,#2833,#2844,.T.);
#2842 = VERTEX_POINT('',#2843);
#2843 = CARTESIAN_POINT('',(114.7318,74.17054,0.E+000));
#2844 = LINE('',#2845,#2846);
#2845 = CARTESIAN_POINT('',(114.7318,74.17054,0.E+000));
#2846 = VECTOR('',#2847,1.);
#2847 = DIRECTION('',(0.E+000,0.E+000,1.));
#2848 = ORIENTED_EDGE('',*,*,#2849,.F.);
#2849 = EDGE_CURVE('',#2823,#2842,#2850,.T.);
#2850 = CIRCLE('',#2851,0.4572);
#2851 = AXIS2_PLACEMENT_3D('',#2852,#2853,#2854);
#2852 = CARTESIAN_POINT('',(115.189,74.17054,0.E+000));
#2853 = DIRECTION('',(0.E+000,0.E+000,1.));
#2854 = DIRECTION('',(1.,0.E+000,-0.E+000));
#2855 = CYLINDRICAL_SURFACE('',#2856,0.4572);
#2856 = AXIS2_PLACEMENT_3D('',#2857,#2858,#2859);
#2857 = CARTESIAN_POINT('',(115.189,74.17054,0.E+000));
#2858 = DIRECTION('',(-0.E+000,-0.E+000,-1.));
#2859 = DIRECTION('',(1.,0.E+000,-0.E+000));
#2860 = ADVANCED_FACE('',(#2861),#2886,.T.);
#2861 = FACE_BOUND('',#2862,.T.);
#2862 = EDGE_LOOP('',(#2863,#2873,#2879,#2880));
#2863 = ORIENTED_EDGE('',*,*,#2864,.T.);
#2864 = EDGE_CURVE('',#2865,#2867,#2869,.T.);
#2865 = VERTEX_POINT('',#2866);
#2866 = CARTESIAN_POINT('',(115.6462,74.16546,0.E+000));
#2867 = VERTEX_POINT('',#2868);
#2868 = CARTESIAN_POINT('',(115.6462,74.16546,0.41148));
#2869 = LINE('',#2870,#2871);
#2870 = CARTESIAN_POINT('',(115.6462,74.16546,0.E+000));
#2871 = VECTOR('',#2872,1.);
#2872 = DIRECTION('',(0.E+000,0.E+000,1.));
#2873 = ORIENTED_EDGE('',*,*,#2874,.T.);
#2874 = EDGE_CURVE('',#2867,#2825,#2875,.T.);
#2875 = LINE('',#2876,#2877);
#2876 = CARTESIAN_POINT('',(115.6462,74.16546,0.41148));
#2877 = VECTOR('',#2878,1.);
#2878 = DIRECTION('',(0.E+000,1.,0.E+000));
#2879 = ORIENTED_EDGE('',*,*,#2822,.F.);
#2880 = ORIENTED_EDGE('',*,*,#2881,.F.);
#2881 = EDGE_CURVE('',#2865,#2823,#2882,.T.);
#2882 = LINE('',#2883,#2884);
#2883 = CARTESIAN_POINT('',(115.6462,74.16546,0.E+000));
#2884 = VECTOR('',#2885,1.);
#2885 = DIRECTION('',(0.E+000,1.,0.E+000));
#2886 = PLANE('',#2887);
#2887 = AXIS2_PLACEMENT_3D('',#2888,#2889,#2890);
#2888 = CARTESIAN_POINT('',(115.6462,74.16546,0.E+000));
#2889 = DIRECTION('',(-1.,0.E+000,0.E+000));
#2890 = DIRECTION('',(0.E+000,1.,0.E+000));
#2891 = ADVANCED_FACE('',(#2892),#2919,.F.);
#2892 = FACE_BOUND('',#2893,.T.);
#2893 = EDGE_LOOP('',(#2894,#2904,#2911,#2912));
#2894 = ORIENTED_EDGE('',*,*,#2895,.T.);
#2895 = EDGE_CURVE('',#2896,#2898,#2900,.T.);
#2896 = VERTEX_POINT('',#2897);
#2897 = CARTESIAN_POINT('',(114.7318,74.16546,0.E+000));
#2898 = VERTEX_POINT('',#2899);
#2899 = CARTESIAN_POINT('',(114.7318,74.16546,0.41148));
#2900 = LINE('',#2901,#2902);
#2901 = CARTESIAN_POINT('',(114.7318,74.16546,0.E+000));
#2902 = VECTOR('',#2903,1.);
#2903 = DIRECTION('',(0.E+000,0.E+000,1.));
#2904 = ORIENTED_EDGE('',*,*,#2905,.T.);
#2905 = EDGE_CURVE('',#2898,#2867,#2906,.T.);
#2906 = CIRCLE('',#2907,0.4572);
#2907 = AXIS2_PLACEMENT_3D('',#2908,#2909,#2910);
#2908 = CARTESIAN_POINT('',(115.189,74.16546,0.41148));
#2909 = DIRECTION('',(0.E+000,0.E+000,1.));
#2910 = DIRECTION('',(-1.,0.E+000,-0.E+000));
#2911 = ORIENTED_EDGE('',*,*,#2864,.F.);
#2912 = ORIENTED_EDGE('',*,*,#2913,.F.);
#2913 = EDGE_CURVE('',#2896,#2865,#2914,.T.);
#2914 = CIRCLE('',#2915,0.4572);
#2915 = AXIS2_PLACEMENT_3D('',#2916,#2917,#2918);
#2916 = CARTESIAN_POINT('',(115.189,74.16546,0.E+000));
#2917 = DIRECTION('',(0.E+000,0.E+000,1.));
#2918 = DIRECTION('',(-1.,0.E+000,-0.E+000));
#2919 = CYLINDRICAL_SURFACE('',#2920,0.4572);
#2920 = AXIS2_PLACEMENT_3D('',#2921,#2922,#2923);
#2921 = CARTESIAN_POINT('',(115.189,74.16546,0.E+000));
#2922 = DIRECTION('',(-0.E+000,-0.E+000,-1.));
#2923 = DIRECTION('',(-1.,0.E+000,-0.E+000));
#2924 = ADVANCED_FACE('',(#2925),#2941,.T.);
#2925 = FACE_BOUND('',#2926,.T.);
#2926 = EDGE_LOOP('',(#2927,#2928,#2934,#2935));
#2927 = ORIENTED_EDGE('',*,*,#2841,.T.);
#2928 = ORIENTED_EDGE('',*,*,#2929,.T.);
#2929 = EDGE_CURVE('',#2833,#2898,#2930,.T.);
#2930 = LINE('',#2931,#2932);
#2931 = CARTESIAN_POINT('',(114.7318,74.17054,0.41148));
#2932 = VECTOR('',#2933,1.);
#2933 = DIRECTION('',(0.E+000,-1.,0.E+000));
#2934 = ORIENTED_EDGE('',*,*,#2895,.F.);
#2935 = ORIENTED_EDGE('',*,*,#2936,.F.);
#2936 = EDGE_CURVE('',#2842,#2896,#2937,.T.);
#2937 = LINE('',#2938,#2939);
#2938 = CARTESIAN_POINT('',(114.7318,74.17054,0.E+000));
#2939 = VECTOR('',#2940,1.);
#2940 = DIRECTION('',(0.E+000,-1.,0.E+000));
#2941 = PLANE('',#2942);
#2942 = AXIS2_PLACEMENT_3D('',#2943,#2944,#2945);
#2943 = CARTESIAN_POINT('',(114.7318,74.17054,0.E+000));
#2944 = DIRECTION('',(1.,0.E+000,-0.E+000));
#2945 = DIRECTION('',(0.E+000,-1.,0.E+000));
#2946 = ADVANCED_FACE('',(#2947),#2983,.F.);
#2947 = FACE_BOUND('',#2948,.T.);
#2948 = EDGE_LOOP('',(#2949,#2959,#2968,#2976));
#2949 = ORIENTED_EDGE('',*,*,#2950,.T.);
#2950 = EDGE_CURVE('',#2951,#2953,#2955,.T.);
#2951 = VERTEX_POINT('',#2952);
#2952 = CARTESIAN_POINT('',(120.3790074,97.005394,0.E+000));
#2953 = VERTEX_POINT('',#2954);
#2954 = CARTESIAN_POINT('',(120.3790074,97.005394,0.41148));
#2955 = LINE('',#2956,#2957);
#2956 = CARTESIAN_POINT('',(120.3790074,97.005394,0.E+000));
#2957 = VECTOR('',#2958,1.);
#2958 = DIRECTION('',(0.E+000,0.E+000,1.));
#2959 = ORIENTED_EDGE('',*,*,#2960,.T.);
#2960 = EDGE_CURVE('',#2953,#2961,#2963,.T.);
#2961 = VERTEX_POINT('',#2962);
#2962 = CARTESIAN_POINT('',(121.4289926,97.005394,0.41148));
#2963 = CIRCLE('',#2964,0.5249926);
#2964 = AXIS2_PLACEMENT_3D('',#2965,#2966,#2967);
#2965 = CARTESIAN_POINT('',(120.904,97.005394,0.41148));
#2966 = DIRECTION('',(0.E+000,0.E+000,1.));
#2967 = DIRECTION('',(-1.,0.E+000,-0.E+000));
#2968 = ORIENTED_EDGE('',*,*,#2969,.F.);
#2969 = EDGE_CURVE('',#2970,#2961,#2972,.T.);
#2970 = VERTEX_POINT('',#2971);
#2971 = CARTESIAN_POINT('',(121.4289926,97.005394,0.E+000));
#2972 = LINE('',#2973,#2974);
#2973 = CARTESIAN_POINT('',(121.4289926,97.005394,0.E+000));
#2974 = VECTOR('',#2975,1.);
#2975 = DIRECTION('',(0.E+000,0.E+000,1.));
#2976 = ORIENTED_EDGE('',*,*,#2977,.F.);
#2977 = EDGE_CURVE('',#2951,#2970,#2978,.T.);
#2978 = CIRCLE('',#2979,0.5249926);
#2979 = AXIS2_PLACEMENT_3D('',#2980,#2981,#2982);
#2980 = CARTESIAN_POINT('',(120.904,97.005394,0.E+000));
#2981 = DIRECTION('',(0.E+000,0.E+000,1.));
#2982 = DIRECTION('',(-1.,0.E+000,-0.E+000));
#2983 = CYLINDRICAL_SURFACE('',#2984,0.5249926);
#2984 = AXIS2_PLACEMENT_3D('',#2985,#2986,#2987);
#2985 = CARTESIAN_POINT('',(120.904,97.005394,0.E+000));
#2986 = DIRECTION('',(-0.E+000,-0.E+000,-1.));
#2987 = DIRECTION('',(-1.,0.E+000,-0.E+000));
#2988 = ADVANCED_FACE('',(#2989),#3014,.T.);
#2989 = FACE_BOUND('',#2990,.T.);
#2990 = EDGE_LOOP('',(#2991,#3001,#3007,#3008));
#2991 = ORIENTED_EDGE('',*,*,#2992,.T.);
#2992 = EDGE_CURVE('',#2993,#2995,#2997,.T.);
#2993 = VERTEX_POINT('',#2994);
#2994 = CARTESIAN_POINT('',(120.3790074,97.010474,0.E+000));
#2995 = VERTEX_POINT('',#2996);
#2996 = CARTESIAN_POINT('',(120.3790074,97.010474,0.41148));
#2997 = LINE('',#2998,#2999);
#2998 = CARTESIAN_POINT('',(120.3790074,97.010474,0.E+000));
#2999 = VECTOR('',#3000,1.);
#3000 = DIRECTION('',(0.E+000,0.E+000,1.));
#3001 = ORIENTED_EDGE('',*,*,#3002,.T.);
#3002 = EDGE_CURVE('',#2995,#2953,#3003,.T.);
#3003 = LINE('',#3004,#3005);
#3004 = CARTESIAN_POINT('',(120.3790074,97.010474,0.41148));
#3005 = VECTOR('',#3006,1.);
#3006 = DIRECTION('',(0.E+000,-1.,0.E+000));
#3007 = ORIENTED_EDGE('',*,*,#2950,.F.);
#3008 = ORIENTED_EDGE('',*,*,#3009,.F.);
#3009 = EDGE_CURVE('',#2993,#2951,#3010,.T.);
#3010 = LINE('',#3011,#3012);
#3011 = CARTESIAN_POINT('',(120.3790074,97.010474,0.E+000));
#3012 = VECTOR('',#3013,1.);
#3013 = DIRECTION('',(0.E+000,-1.,0.E+000));
#3014 = PLANE('',#3015);
#3015 = AXIS2_PLACEMENT_3D('',#3016,#3017,#3018);
#3016 = CARTESIAN_POINT('',(120.3790074,97.010474,0.E+000));
#3017 = DIRECTION('',(1.,0.E+000,-0.E+000));
#3018 = DIRECTION('',(0.E+000,-1.,0.E+000));
#3019 = ADVANCED_FACE('',(#3020),#3047,.F.);
#3020 = FACE_BOUND('',#3021,.T.);
#3021 = EDGE_LOOP('',(#3022,#3032,#3039,#3040));
#3022 = ORIENTED_EDGE('',*,*,#3023,.T.);
#3023 = EDGE_CURVE('',#3024,#3026,#3028,.T.);
#3024 = VERTEX_POINT('',#3025);
#3025 = CARTESIAN_POINT('',(121.4289926,97.010474,0.E+000));
#3026 = VERTEX_POINT('',#3027);
#3027 = CARTESIAN_POINT('',(121.4289926,97.010474,0.41148));
#3028 = LINE('',#3029,#3030);
#3029 = CARTESIAN_POINT('',(121.4289926,97.010474,0.E+000));
#3030 = VECTOR('',#3031,1.);
#3031 = DIRECTION('',(0.E+000,0.E+000,1.));
#3032 = ORIENTED_EDGE('',*,*,#3033,.T.);
#3033 = EDGE_CURVE('',#3026,#2995,#3034,.T.);
#3034 = CIRCLE('',#3035,0.5249926);
#3035 = AXIS2_PLACEMENT_3D('',#3036,#3037,#3038);
#3036 = CARTESIAN_POINT('',(120.904,97.010474,0.41148));
#3037 = DIRECTION('',(0.E+000,0.E+000,1.));
#3038 = DIRECTION('',(1.,0.E+000,-0.E+000));
#3039 = ORIENTED_EDGE('',*,*,#2992,.F.);
#3040 = ORIENTED_EDGE('',*,*,#3041,.F.);
#3041 = EDGE_CURVE('',#3024,#2993,#3042,.T.);
#3042 = CIRCLE('',#3043,0.5249926);
#3043 = AXIS2_PLACEMENT_3D('',#3044,#3045,#3046);
#3044 = CARTESIAN_POINT('',(120.904,97.010474,0.E+000));
#3045 = DIRECTION('',(0.E+000,0.E+000,1.));
#3046 = DIRECTION('',(1.,0.E+000,-0.E+000));
#3047 = CYLINDRICAL_SURFACE('',#3048,0.5249926);
#3048 = AXIS2_PLACEMENT_3D('',#3049,#3050,#3051);
#3049 = CARTESIAN_POINT('',(120.904,97.010474,0.E+000));
#3050 = DIRECTION('',(-0.E+000,-0.E+000,-1.));
#3051 = DIRECTION('',(1.,0.E+000,-0.E+000));
#3052 = ADVANCED_FACE('',(#3053),#3069,.T.);
#3053 = FACE_BOUND('',#3054,.T.);
#3054 = EDGE_LOOP('',(#3055,#3056,#3062,#3063));
#3055 = ORIENTED_EDGE('',*,*,#2969,.T.);
#3056 = ORIENTED_EDGE('',*,*,#3057,.T.);
#3057 = EDGE_CURVE('',#2961,#3026,#3058,.T.);
#3058 = LINE('',#3059,#3060);
#3059 = CARTESIAN_POINT('',(121.4289926,97.005394,0.41148));
#3060 = VECTOR('',#3061,1.);
#3061 = DIRECTION('',(0.E+000,1.,0.E+000));
#3062 = ORIENTED_EDGE('',*,*,#3023,.F.);
#3063 = ORIENTED_EDGE('',*,*,#3064,.F.);
#3064 = EDGE_CURVE('',#2970,#3024,#3065,.T.);
#3065 = LINE('',#3066,#3067);
#3066 = CARTESIAN_POINT('',(121.4289926,97.005394,0.E+000));
#3067 = VECTOR('',#3068,1.);
#3068 = DIRECTION('',(0.E+000,1.,0.E+000));
#3069 = PLANE('',#3070);
#3070 = AXIS2_PLACEMENT_3D('',#3071,#3072,#3073);
#3071 = CARTESIAN_POINT('',(121.4289926,97.005394,0.E+000));
#3072 = DIRECTION('',(-1.,0.E+000,0.E+000));
#3073 = DIRECTION('',(0.E+000,1.,0.E+000));
#3074 = ADVANCED_FACE('',(#3075),#3111,.F.);
#3075 = FACE_BOUND('',#3076,.T.);
#3076 = EDGE_LOOP('',(#3077,#3087,#3096,#3104));
#3077 = ORIENTED_EDGE('',*,*,#3078,.T.);
#3078 = EDGE_CURVE('',#3079,#3081,#3083,.T.);
#3079 = VERTEX_POINT('',#3080);
#3080 = CARTESIAN_POINT('',(120.3790074,94.505526,0.E+000));
#3081 = VERTEX_POINT('',#3082);
#3082 = CARTESIAN_POINT('',(120.3790074,94.505526,0.41148));
#3083 = LINE('',#3084,#3085);
#3084 = CARTESIAN_POINT('',(120.3790074,94.505526,0.E+000));
#3085 = VECTOR('',#3086,1.);
#3086 = DIRECTION('',(0.E+000,0.E+000,1.));
#3087 = ORIENTED_EDGE('',*,*,#3088,.T.);
#3088 = EDGE_CURVE('',#3081,#3089,#3091,.T.);
#3089 = VERTEX_POINT('',#3090);
#3090 = CARTESIAN_POINT('',(121.4289926,94.505526,0.41148));
#3091 = CIRCLE('',#3092,0.5249926);
#3092 = AXIS2_PLACEMENT_3D('',#3093,#3094,#3095);
#3093 = CARTESIAN_POINT('',(120.904,94.505526,0.41148));
#3094 = DIRECTION('',(0.E+000,0.E+000,1.));
#3095 = DIRECTION('',(-1.,-2.706867623506E-014,0.E+000));
#3096 = ORIENTED_EDGE('',*,*,#3097,.F.);
#3097 = EDGE_CURVE('',#3098,#3089,#3100,.T.);
#3098 = VERTEX_POINT('',#3099);
#3099 = CARTESIAN_POINT('',(121.4289926,94.505526,0.E+000));
#3100 = LINE('',#3101,#3102);
#3101 = CARTESIAN_POINT('',(121.4289926,94.505526,0.E+000));
#3102 = VECTOR('',#3103,1.);
#3103 = DIRECTION('',(0.E+000,0.E+000,1.));
#3104 = ORIENTED_EDGE('',*,*,#3105,.F.);
#3105 = EDGE_CURVE('',#3079,#3098,#3106,.T.);
#3106 = CIRCLE('',#3107,0.5249926);
#3107 = AXIS2_PLACEMENT_3D('',#3108,#3109,#3110);
#3108 = CARTESIAN_POINT('',(120.904,94.505526,0.E+000));
#3109 = DIRECTION('',(0.E+000,0.E+000,1.));
#3110 = DIRECTION('',(-1.,-2.706867623506E-014,0.E+000));
#3111 = CYLINDRICAL_SURFACE('',#3112,0.5249926);
#3112 = AXIS2_PLACEMENT_3D('',#3113,#3114,#3115);
#3113 = CARTESIAN_POINT('',(120.904,94.505526,0.E+000));
#3114 = DIRECTION('',(-0.E+000,-0.E+000,-1.));
#3115 = DIRECTION('',(-1.,-2.706867623506E-014,0.E+000));
#3116 = ADVANCED_FACE('',(#3117),#3142,.T.);
#3117 = FACE_BOUND('',#3118,.T.);
#3118 = EDGE_LOOP('',(#3119,#3129,#3135,#3136));
#3119 = ORIENTED_EDGE('',*,*,#3120,.T.);
#3120 = EDGE_CURVE('',#3121,#3123,#3125,.T.);
#3121 = VERTEX_POINT('',#3122);
#3122 = CARTESIAN_POINT('',(120.3790074,94.510606,0.E+000));
#3123 = VERTEX_POINT('',#3124);
#3124 = CARTESIAN_POINT('',(120.3790074,94.510606,0.41148));
#3125 = LINE('',#3126,#3127);
#3126 = CARTESIAN_POINT('',(120.3790074,94.510606,0.E+000));
#3127 = VECTOR('',#3128,1.);
#3128 = DIRECTION('',(0.E+000,0.E+000,1.));
#3129 = ORIENTED_EDGE('',*,*,#3130,.T.);
#3130 = EDGE_CURVE('',#3123,#3081,#3131,.T.);
#3131 = LINE('',#3132,#3133);
#3132 = CARTESIAN_POINT('',(120.3790074,94.510606,0.41148));
#3133 = VECTOR('',#3134,1.);
#3134 = DIRECTION('',(0.E+000,-1.,0.E+000));
#3135 = ORIENTED_EDGE('',*,*,#3078,.F.);
#3136 = ORIENTED_EDGE('',*,*,#3137,.F.);
#3137 = EDGE_CURVE('',#3121,#3079,#3138,.T.);
#3138 = LINE('',#3139,#3140);
#3139 = CARTESIAN_POINT('',(120.3790074,94.510606,0.E+000));
#3140 = VECTOR('',#3141,1.);
#3141 = DIRECTION('',(0.E+000,-1.,0.E+000));
#3142 = PLANE('',#3143);
#3143 = AXIS2_PLACEMENT_3D('',#3144,#3145,#3146);
#3144 = CARTESIAN_POINT('',(120.3790074,94.510606,0.E+000));
#3145 = DIRECTION('',(1.,0.E+000,-0.E+000));
#3146 = DIRECTION('',(0.E+000,-1.,0.E+000));
#3147 = ADVANCED_FACE('',(#3148),#3175,.F.);
#3148 = FACE_BOUND('',#3149,.T.);
#3149 = EDGE_LOOP('',(#3150,#3160,#3167,#3168));
#3150 = ORIENTED_EDGE('',*,*,#3151,.T.);
#3151 = EDGE_CURVE('',#3152,#3154,#3156,.T.);
#3152 = VERTEX_POINT('',#3153);
#3153 = CARTESIAN_POINT('',(121.4289926,94.510606,0.E+000));
#3154 = VERTEX_POINT('',#3155);
#3155 = CARTESIAN_POINT('',(121.4289926,94.510606,0.41148));
#3156 = LINE('',#3157,#3158);
#3157 = CARTESIAN_POINT('',(121.4289926,94.510606,0.E+000));
#3158 = VECTOR('',#3159,1.);
#3159 = DIRECTION('',(0.E+000,0.E+000,1.));
#3160 = ORIENTED_EDGE('',*,*,#3161,.T.);
#3161 = EDGE_CURVE('',#3154,#3123,#3162,.T.);
#3162 = CIRCLE('',#3163,0.5249926);
#3163 = AXIS2_PLACEMENT_3D('',#3164,#3165,#3166);
#3164 = CARTESIAN_POINT('',(120.904,94.510606,0.41148));
#3165 = DIRECTION('',(0.E+000,0.E+000,1.));
#3166 = DIRECTION('',(1.,2.706867623506E-014,-0.E+000));
#3167 = ORIENTED_EDGE('',*,*,#3120,.F.);
#3168 = ORIENTED_EDGE('',*,*,#3169,.F.);
#3169 = EDGE_CURVE('',#3152,#3121,#3170,.T.);
#3170 = CIRCLE('',#3171,0.5249926);
#3171 = AXIS2_PLACEMENT_3D('',#3172,#3173,#3174);
#3172 = CARTESIAN_POINT('',(120.904,94.510606,0.E+000));
#3173 = DIRECTION('',(0.E+000,0.E+000,1.));
#3174 = DIRECTION('',(1.,2.706867623506E-014,-0.E+000));
#3175 = CYLINDRICAL_SURFACE('',#3176,0.5249926);
#3176 = AXIS2_PLACEMENT_3D('',#3177,#3178,#3179);
#3177 = CARTESIAN_POINT('',(120.904,94.510606,0.E+000));
#3178 = DIRECTION('',(-0.E+000,-0.E+000,-1.));
#3179 = DIRECTION('',(1.,2.706867623506E-014,-0.E+000));
#3180 = ADVANCED_FACE('',(#3181),#3197,.T.);
#3181 = FACE_BOUND('',#3182,.T.);
#3182 = EDGE_LOOP('',(#3183,#3184,#3190,#3191));
#3183 = ORIENTED_EDGE('',*,*,#3097,.T.);
#3184 = ORIENTED_EDGE('',*,*,#3185,.T.);
#3185 = EDGE_CURVE('',#3089,#3154,#3186,.T.);
#3186 = LINE('',#3187,#3188);
#3187 = CARTESIAN_POINT('',(121.4289926,94.505526,0.41148));
#3188 = VECTOR('',#3189,1.);
#3189 = DIRECTION('',(0.E+000,1.,0.E+000));
#3190 = ORIENTED_EDGE('',*,*,#3151,.F.);
#3191 = ORIENTED_EDGE('',*,*,#3192,.F.);
#3192 = EDGE_CURVE('',#3098,#3152,#3193,.T.);
#3193 = LINE('',#3194,#3195);
#3194 = CARTESIAN_POINT('',(121.4289926,94.505526,0.E+000));
#3195 = VECTOR('',#3196,1.);
#3196 = DIRECTION('',(0.E+000,1.,0.E+000));
#3197 = PLANE('',#3198);
#3198 = AXIS2_PLACEMENT_3D('',#3199,#3200,#3201);
#3199 = CARTESIAN_POINT('',(121.4289926,94.505526,0.E+000));
#3200 = DIRECTION('',(-1.,0.E+000,0.E+000));
#3201 = DIRECTION('',(0.E+000,1.,0.E+000));
#3202 = ADVANCED_FACE('',(#3203),#3230,.F.);
#3203 = FACE_BOUND('',#3204,.T.);
#3204 = EDGE_LOOP('',(#3205,#3215,#3222,#3223));
#3205 = ORIENTED_EDGE('',*,*,#3206,.T.);
#3206 = EDGE_CURVE('',#3207,#3209,#3211,.T.);
#3207 = VERTEX_POINT('',#3208);
#3208 = CARTESIAN_POINT('',(86.027,107.345,0.E+000));
#3209 = VERTEX_POINT('',#3210);
#3210 = CARTESIAN_POINT('',(86.027,107.345,0.41148));
#3211 = LINE('',#3212,#3213);
#3212 = CARTESIAN_POINT('',(86.027,107.345,0.E+000));
#3213 = VECTOR('',#3214,1.);
#3214 = DIRECTION('',(0.E+000,0.E+000,1.));
#3215 = ORIENTED_EDGE('',*,*,#3216,.T.);
#3216 = EDGE_CURVE('',#3209,#3209,#3217,.T.);
#3217 = CIRCLE('',#3218,0.457);
#3218 = AXIS2_PLACEMENT_3D('',#3219,#3220,#3221);
#3219 = CARTESIAN_POINT('',(85.57,107.345,0.41148));
#3220 = DIRECTION('',(0.E+000,0.E+000,1.));
#3221 = DIRECTION('',(1.,0.E+000,-0.E+000));
#3222 = ORIENTED_EDGE('',*,*,#3206,.F.);
#3223 = ORIENTED_EDGE('',*,*,#3224,.F.);
#3224 = EDGE_CURVE('',#3207,#3207,#3225,.T.);
#3225 = CIRCLE('',#3226,0.457);
#3226 = AXIS2_PLACEMENT_3D('',#3227,#3228,#3229);
#3227 = CARTESIAN_POINT('',(85.57,107.345,0.E+000));
#3228 = DIRECTION('',(0.E+000,0.E+000,1.));
#3229 = DIRECTION('',(1.,0.E+000,-0.E+000));
#3230 = CYLINDRICAL_SURFACE('',#3231,0.457);
#3231 = AXIS2_PLACEMENT_3D('',#3232,#3233,#3234);
#3232 = CARTESIAN_POINT('',(85.57,107.345,0.E+000));
#3233 = DIRECTION('',(-0.E+000,-0.E+000,-1.));
#3234 = DIRECTION('',(1.,0.E+000,-0.E+000));
#3235 = ADVANCED_FACE('',(#3236),#3263,.F.);
#3236 = FACE_BOUND('',#3237,.T.);
#3237 = EDGE_LOOP('',(#3238,#3248,#3255,#3256));
#3238 = ORIENTED_EDGE('',*,*,#3239,.T.);
#3239 = EDGE_CURVE('',#3240,#3242,#3244,.T.);
#3240 = VERTEX_POINT('',#3241);
#3241 = CARTESIAN_POINT('',(86.027,109.885,0.E+000));
#3242 = VERTEX_POINT('',#3243);
#3243 = CARTESIAN_POINT('',(86.027,109.885,0.41148));
#3244 = LINE('',#3245,#3246);
#3245 = CARTESIAN_POINT('',(86.027,109.885,0.E+000));
#3246 = VECTOR('',#3247,1.);
#3247 = DIRECTION('',(0.E+000,0.E+000,1.));
#3248 = ORIENTED_EDGE('',*,*,#3249,.T.);
#3249 = EDGE_CURVE('',#3242,#3242,#3250,.T.);
#3250 = CIRCLE('',#3251,0.457);
#3251 = AXIS2_PLACEMENT_3D('',#3252,#3253,#3254);
#3252 = CARTESIAN_POINT('',(85.57,109.885,0.41148));
#3253 = DIRECTION('',(0.E+000,0.E+000,1.));
#3254 = DIRECTION('',(1.,0.E+000,-0.E+000));
#3255 = ORIENTED_EDGE('',*,*,#3239,.F.);
#3256 = ORIENTED_EDGE('',*,*,#3257,.F.);
#3257 = EDGE_CURVE('',#3240,#3240,#3258,.T.);
#3258 = CIRCLE('',#3259,0.457);
#3259 = AXIS2_PLACEMENT_3D('',#3260,#3261,#3262);
#3260 = CARTESIAN_POINT('',(85.57,109.885,0.E+000));
#3261 = DIRECTION('',(0.E+000,0.E+000,1.));
#3262 = DIRECTION('',(1.,0.E+000,-0.E+000));
#3263 = CYLINDRICAL_SURFACE('',#3264,0.457);
#3264 = AXIS2_PLACEMENT_3D('',#3265,#3266,#3267);
#3265 = CARTESIAN_POINT('',(85.57,109.885,0.E+000));
#3266 = DIRECTION('',(-0.E+000,-0.E+000,-1.));
#3267 = DIRECTION('',(1.,0.E+000,-0.E+000));
#3268 = ADVANCED_FACE('',(#3269),#3296,.F.);
#3269 = FACE_BOUND('',#3270,.T.);
#3270 = EDGE_LOOP('',(#3271,#3281,#3288,#3289));
#3271 = ORIENTED_EDGE('',*,*,#3272,.T.);
#3272 = EDGE_CURVE('',#3273,#3275,#3277,.T.);
#3273 = VERTEX_POINT('',#3274);
#3274 = CARTESIAN_POINT('',(86.027,99.725,0.E+000));
#3275 = VERTEX_POINT('',#3276);
#3276 = CARTESIAN_POINT('',(86.027,99.725,0.41148));
#3277 = LINE('',#3278,#3279);
#3278 = CARTESIAN_POINT('',(86.027,99.725,0.E+000));
#3279 = VECTOR('',#3280,1.);
#3280 = DIRECTION('',(0.E+000,0.E+000,1.));
#3281 = ORIENTED_EDGE('',*,*,#3282,.T.);
#3282 = EDGE_CURVE('',#3275,#3275,#3283,.T.);
#3283 = CIRCLE('',#3284,0.457);
#3284 = AXIS2_PLACEMENT_3D('',#3285,#3286,#3287);
#3285 = CARTESIAN_POINT('',(85.57,99.725,0.41148));
#3286 = DIRECTION('',(0.E+000,0.E+000,1.));
#3287 = DIRECTION('',(1.,0.E+000,-0.E+000));
#3288 = ORIENTED_EDGE('',*,*,#3272,.F.);
#3289 = ORIENTED_EDGE('',*,*,#3290,.F.);
#3290 = EDGE_CURVE('',#3273,#3273,#3291,.T.);
#3291 = CIRCLE('',#3292,0.457);
#3292 = AXIS2_PLACEMENT_3D('',#3293,#3294,#3295);
#3293 = CARTESIAN_POINT('',(85.57,99.725,0.E+000));
#3294 = DIRECTION('',(0.E+000,0.E+000,1.));
#3295 = DIRECTION('',(1.,0.E+000,-0.E+000));
#3296 = CYLINDRICAL_SURFACE('',#3297,0.457);
#3297 = AXIS2_PLACEMENT_3D('',#3298,#3299,#3300);
#3298 = CARTESIAN_POINT('',(85.57,99.725,0.E+000));
#3299 = DIRECTION('',(-0.E+000,-0.E+000,-1.));
#3300 = DIRECTION('',(1.,0.E+000,-0.E+000));
#3301 = ADVANCED_FACE('',(#3302),#3329,.F.);
#3302 = FACE_BOUND('',#3303,.T.);
#3303 = EDGE_LOOP('',(#3304,#3314,#3321,#3322));
#3304 = ORIENTED_EDGE('',*,*,#3305,.T.);
#3305 = EDGE_CURVE('',#3306,#3308,#3310,.T.);
#3306 = VERTEX_POINT('',#3307);
#3307 = CARTESIAN_POINT('',(86.027,104.805,0.E+000));
#3308 = VERTEX_POINT('',#3309);
#3309 = CARTESIAN_POINT('',(86.027,104.805,0.41148));
#3310 = LINE('',#3311,#3312);
#3311 = CARTESIAN_POINT('',(86.027,104.805,0.E+000));
#3312 = VECTOR('',#3313,1.);
#3313 = DIRECTION('',(0.E+000,0.E+000,1.));
#3314 = ORIENTED_EDGE('',*,*,#3315,.T.);
#3315 = EDGE_CURVE('',#3308,#3308,#3316,.T.);
#3316 = CIRCLE('',#3317,0.457);
#3317 = AXIS2_PLACEMENT_3D('',#3318,#3319,#3320);
#3318 = CARTESIAN_POINT('',(85.57,104.805,0.41148));
#3319 = DIRECTION('',(0.E+000,0.E+000,1.));
#3320 = DIRECTION('',(1.,0.E+000,-0.E+000));
#3321 = ORIENTED_EDGE('',*,*,#3305,.F.);
#3322 = ORIENTED_EDGE('',*,*,#3323,.F.);
#3323 = EDGE_CURVE('',#3306,#3306,#3324,.T.);
#3324 = CIRCLE('',#3325,0.457);
#3325 = AXIS2_PLACEMENT_3D('',#3326,#3327,#3328);
#3326 = CARTESIAN_POINT('',(85.57,104.805,0.E+000));
#3327 = DIRECTION('',(0.E+000,0.E+000,1.));
#3328 = DIRECTION('',(1.,0.E+000,-0.E+000));
#3329 = CYLINDRICAL_SURFACE('',#3330,0.457);
#3330 = AXIS2_PLACEMENT_3D('',#3331,#3332,#3333);
#3331 = CARTESIAN_POINT('',(85.57,104.805,0.E+000));
#3332 = DIRECTION('',(-0.E+000,-0.E+000,-1.));
#3333 = DIRECTION('',(1.,0.E+000,-0.E+000));
#3334 = ADVANCED_FACE('',(#3335),#3362,.F.);
#3335 = FACE_BOUND('',#3336,.T.);
#3336 = EDGE_LOOP('',(#3337,#3347,#3354,#3355));
#3337 = ORIENTED_EDGE('',*,*,#3338,.T.);
#3338 = EDGE_CURVE('',#3339,#3341,#3343,.T.);
#3339 = VERTEX_POINT('',#3340);
#3340 = CARTESIAN_POINT('',(86.027,102.265,0.E+000));
#3341 = VERTEX_POINT('',#3342);
#3342 = CARTESIAN_POINT('',(86.027,102.265,0.41148));
#3343 = LINE('',#3344,#3345);
#3344 = CARTESIAN_POINT('',(86.027,102.265,0.E+000));
#3345 = VECTOR('',#3346,1.);
#3346 = DIRECTION('',(0.E+000,0.E+000,1.));
#3347 = ORIENTED_EDGE('',*,*,#3348,.T.);
#3348 = EDGE_CURVE('',#3341,#3341,#3349,.T.);
#3349 = CIRCLE('',#3350,0.457);
#3350 = AXIS2_PLACEMENT_3D('',#3351,#3352,#3353);
#3351 = CARTESIAN_POINT('',(85.57,102.265,0.41148));
#3352 = DIRECTION('',(0.E+000,0.E+000,1.));
#3353 = DIRECTION('',(1.,0.E+000,-0.E+000));
#3354 = ORIENTED_EDGE('',*,*,#3338,.F.);
#3355 = ORIENTED_EDGE('',*,*,#3356,.F.);
#3356 = EDGE_CURVE('',#3339,#3339,#3357,.T.);
#3357 = CIRCLE('',#3358,0.457);
#3358 = AXIS2_PLACEMENT_3D('',#3359,#3360,#3361);
#3359 = CARTESIAN_POINT('',(85.57,102.265,0.E+000));
#3360 = DIRECTION('',(0.E+000,0.E+000,1.));
#3361 = DIRECTION('',(1.,0.E+000,-0.E+000));
#3362 = CYLINDRICAL_SURFACE('',#3363,0.457);
#3363 = AXIS2_PLACEMENT_3D('',#3364,#3365,#3366);
#3364 = CARTESIAN_POINT('',(85.57,102.265,0.E+000));
#3365 = DIRECTION('',(-0.E+000,-0.E+000,-1.));
#3366 = DIRECTION('',(1.,0.E+000,-0.E+000));
#3367 = ADVANCED_FACE('',(#3368),#3395,.F.);
#3368 = FACE_BOUND('',#3369,.T.);
#3369 = EDGE_LOOP('',(#3370,#3380,#3387,#3388));
#3370 = ORIENTED_EDGE('',*,*,#3371,.T.);
#3371 = EDGE_CURVE('',#3372,#3374,#3376,.T.);
#3372 = VERTEX_POINT('',#3373);
#3373 = CARTESIAN_POINT('',(86.027,120.045,0.E+000));
#3374 = VERTEX_POINT('',#3375);
#3375 = CARTESIAN_POINT('',(86.027,120.045,0.41148));
#3376 = LINE('',#3377,#3378);
#3377 = CARTESIAN_POINT('',(86.027,120.045,0.E+000));
#3378 = VECTOR('',#3379,1.);
#3379 = DIRECTION('',(0.E+000,0.E+000,1.));
#3380 = ORIENTED_EDGE('',*,*,#3381,.T.);
#3381 = EDGE_CURVE('',#3374,#3374,#3382,.T.);
#3382 = CIRCLE('',#3383,0.457);
#3383 = AXIS2_PLACEMENT_3D('',#3384,#3385,#3386);
#3384 = CARTESIAN_POINT('',(85.57,120.045,0.41148));
#3385 = DIRECTION('',(0.E+000,0.E+000,1.));
#3386 = DIRECTION('',(1.,0.E+000,-0.E+000));
#3387 = ORIENTED_EDGE('',*,*,#3371,.F.);
#3388 = ORIENTED_EDGE('',*,*,#3389,.F.);
#3389 = EDGE_CURVE('',#3372,#3372,#3390,.T.);
#3390 = CIRCLE('',#3391,0.457);
#3391 = AXIS2_PLACEMENT_3D('',#3392,#3393,#3394);
#3392 = CARTESIAN_POINT('',(85.57,120.045,0.E+000));
#3393 = DIRECTION('',(0.E+000,0.E+000,1.));
#3394 = DIRECTION('',(1.,0.E+000,-0.E+000));
#3395 = CYLINDRICAL_SURFACE('',#3396,0.457);
#3396 = AXIS2_PLACEMENT_3D('',#3397,#3398,#3399);
#3397 = CARTESIAN_POINT('',(85.57,120.045,0.E+000));
#3398 = DIRECTION('',(-0.E+000,-0.E+000,-1.));
#3399 = DIRECTION('',(1.,0.E+000,-0.E+000));
#3400 = ADVANCED_FACE('',(#3401),#3428,.F.);
#3401 = FACE_BOUND('',#3402,.T.);
#3402 = EDGE_LOOP('',(#3403,#3413,#3420,#3421));
#3403 = ORIENTED_EDGE('',*,*,#3404,.T.);
#3404 = EDGE_CURVE('',#3405,#3407,#3409,.T.);
#3405 = VERTEX_POINT('',#3406);
#3406 = CARTESIAN_POINT('',(86.027,125.125,0.E+000));
#3407 = VERTEX_POINT('',#3408);
#3408 = CARTESIAN_POINT('',(86.027,125.125,0.41148));
#3409 = LINE('',#3410,#3411);
#3410 = CARTESIAN_POINT('',(86.027,125.125,0.E+000));
#3411 = VECTOR('',#3412,1.);
#3412 = DIRECTION('',(0.E+000,0.E+000,1.));
#3413 = ORIENTED_EDGE('',*,*,#3414,.T.);
#3414 = EDGE_CURVE('',#3407,#3407,#3415,.T.);
#3415 = CIRCLE('',#3416,0.457);
#3416 = AXIS2_PLACEMENT_3D('',#3417,#3418,#3419);
#3417 = CARTESIAN_POINT('',(85.57,125.125,0.41148));
#3418 = DIRECTION('',(0.E+000,0.E+000,1.));
#3419 = DIRECTION('',(1.,0.E+000,-0.E+000));
#3420 = ORIENTED_EDGE('',*,*,#3404,.F.);
#3421 = ORIENTED_EDGE('',*,*,#3422,.F.);
#3422 = EDGE_CURVE('',#3405,#3405,#3423,.T.);
#3423 = CIRCLE('',#3424,0.457);
#3424 = AXIS2_PLACEMENT_3D('',#3425,#3426,#3427);
#3425 = CARTESIAN_POINT('',(85.57,125.125,0.E+000));
#3426 = DIRECTION('',(0.E+000,0.E+000,1.));
#3427 = DIRECTION('',(1.,0.E+000,-0.E+000));
#3428 = CYLINDRICAL_SURFACE('',#3429,0.457);
#3429 = AXIS2_PLACEMENT_3D('',#3430,#3431,#3432);
#3430 = CARTESIAN_POINT('',(85.57,125.125,0.E+000));
#3431 = DIRECTION('',(-0.E+000,-0.E+000,-1.));
#3432 = DIRECTION('',(1.,0.E+000,-0.E+000));
#3433 = ADVANCED_FACE('',(#3434),#3461,.F.);
#3434 = FACE_BOUND('',#3435,.T.);
#3435 = EDGE_LOOP('',(#3436,#3446,#3453,#3454));
#3436 = ORIENTED_EDGE('',*,*,#3437,.T.);
#3437 = EDGE_CURVE('',#3438,#3440,#3442,.T.);
#3438 = VERTEX_POINT('',#3439);
#3439 = CARTESIAN_POINT('',(86.027,122.585,0.E+000));
#3440 = VERTEX_POINT('',#3441);
#3441 = CARTESIAN_POINT('',(86.027,122.585,0.41148));
#3442 = LINE('',#3443,#3444);
#3443 = CARTESIAN_POINT('',(86.027,122.585,0.E+000));
#3444 = VECTOR('',#3445,1.);
#3445 = DIRECTION('',(0.E+000,0.E+000,1.));
#3446 = ORIENTED_EDGE('',*,*,#3447,.T.);
#3447 = EDGE_CURVE('',#3440,#3440,#3448,.T.);
#3448 = CIRCLE('',#3449,0.457);
#3449 = AXIS2_PLACEMENT_3D('',#3450,#3451,#3452);
#3450 = CARTESIAN_POINT('',(85.57,122.585,0.41148));
#3451 = DIRECTION('',(0.E+000,0.E+000,1.));
#3452 = DIRECTION('',(1.,0.E+000,-0.E+000));
#3453 = ORIENTED_EDGE('',*,*,#3437,.F.);
#3454 = ORIENTED_EDGE('',*,*,#3455,.F.);
#3455 = EDGE_CURVE('',#3438,#3438,#3456,.T.);
#3456 = CIRCLE('',#3457,0.457);
#3457 = AXIS2_PLACEMENT_3D('',#3458,#3459,#3460);
#3458 = CARTESIAN_POINT('',(85.57,122.585,0.E+000));
#3459 = DIRECTION('',(0.E+000,0.E+000,1.));
#3460 = DIRECTION('',(1.,0.E+000,-0.E+000));
#3461 = CYLINDRICAL_SURFACE('',#3462,0.457);
#3462 = AXIS2_PLACEMENT_3D('',#3463,#3464,#3465);
#3463 = CARTESIAN_POINT('',(85.57,122.585,0.E+000));
#3464 = DIRECTION('',(-0.E+000,-0.E+000,-1.));
#3465 = DIRECTION('',(1.,0.E+000,-0.E+000));
#3466 = ADVANCED_FACE('',(#3467),#3494,.F.);
#3467 = FACE_BOUND('',#3468,.T.);
#3468 = EDGE_LOOP('',(#3469,#3479,#3486,#3487));
#3469 = ORIENTED_EDGE('',*,*,#3470,.T.);
#3470 = EDGE_CURVE('',#3471,#3473,#3475,.T.);
#3471 = VERTEX_POINT('',#3472);
#3472 = CARTESIAN_POINT('',(86.027,112.425,0.E+000));
#3473 = VERTEX_POINT('',#3474);
#3474 = CARTESIAN_POINT('',(86.027,112.425,0.41148));
#3475 = LINE('',#3476,#3477);
#3476 = CARTESIAN_POINT('',(86.027,112.425,0.E+000));
#3477 = VECTOR('',#3478,1.);
#3478 = DIRECTION('',(0.E+000,0.E+000,1.));
#3479 = ORIENTED_EDGE('',*,*,#3480,.T.);
#3480 = EDGE_CURVE('',#3473,#3473,#3481,.T.);
#3481 = CIRCLE('',#3482,0.457);
#3482 = AXIS2_PLACEMENT_3D('',#3483,#3484,#3485);
#3483 = CARTESIAN_POINT('',(85.57,112.425,0.41148));
#3484 = DIRECTION('',(0.E+000,0.E+000,1.));
#3485 = DIRECTION('',(1.,0.E+000,-0.E+000));
#3486 = ORIENTED_EDGE('',*,*,#3470,.F.);
#3487 = ORIENTED_EDGE('',*,*,#3488,.F.);
#3488 = EDGE_CURVE('',#3471,#3471,#3489,.T.);
#3489 = CIRCLE('',#3490,0.457);
#3490 = AXIS2_PLACEMENT_3D('',#3491,#3492,#3493);
#3491 = CARTESIAN_POINT('',(85.57,112.425,0.E+000));
#3492 = DIRECTION('',(0.E+000,0.E+000,1.));
#3493 = DIRECTION('',(1.,0.E+000,-0.E+000));
#3494 = CYLINDRICAL_SURFACE('',#3495,0.457);
#3495 = AXIS2_PLACEMENT_3D('',#3496,#3497,#3498);
#3496 = CARTESIAN_POINT('',(85.57,112.425,0.E+000));
#3497 = DIRECTION('',(-0.E+000,-0.E+000,-1.));
#3498 = DIRECTION('',(1.,0.E+000,-0.E+000));
#3499 = ADVANCED_FACE('',(#3500),#3527,.F.);
#3500 = FACE_BOUND('',#3501,.T.);
#3501 = EDGE_LOOP('',(#3502,#3512,#3519,#3520));
#3502 = ORIENTED_EDGE('',*,*,#3503,.T.);
#3503 = EDGE_CURVE('',#3504,#3506,#3508,.T.);
#3504 = VERTEX_POINT('',#3505);
#3505 = CARTESIAN_POINT('',(86.027,117.505,0.E+000));
#3506 = VERTEX_POINT('',#3507);
#3507 = CARTESIAN_POINT('',(86.027,117.505,0.41148));
#3508 = LINE('',#3509,#3510);
#3509 = CARTESIAN_POINT('',(86.027,117.505,0.E+000));
#3510 = VECTOR('',#3511,1.);
#3511 = DIRECTION('',(0.E+000,0.E+000,1.));
#3512 = ORIENTED_EDGE('',*,*,#3513,.T.);
#3513 = EDGE_CURVE('',#3506,#3506,#3514,.T.);
#3514 = CIRCLE('',#3515,0.457);
#3515 = AXIS2_PLACEMENT_3D('',#3516,#3517,#3518);
#3516 = CARTESIAN_POINT('',(85.57,117.505,0.41148));
#3517 = DIRECTION('',(0.E+000,0.E+000,1.));
#3518 = DIRECTION('',(1.,0.E+000,-0.E+000));
#3519 = ORIENTED_EDGE('',*,*,#3503,.F.);
#3520 = ORIENTED_EDGE('',*,*,#3521,.F.);
#3521 = EDGE_CURVE('',#3504,#3504,#3522,.T.);
#3522 = CIRCLE('',#3523,0.457);
#3523 = AXIS2_PLACEMENT_3D('',#3524,#3525,#3526);
#3524 = CARTESIAN_POINT('',(85.57,117.505,0.E+000));
#3525 = DIRECTION('',(0.E+000,0.E+000,1.));
#3526 = DIRECTION('',(1.,0.E+000,-0.E+000));
#3527 = CYLINDRICAL_SURFACE('',#3528,0.457);
#3528 = AXIS2_PLACEMENT_3D('',#3529,#3530,#3531);
#3529 = CARTESIAN_POINT('',(85.57,117.505,0.E+000));
#3530 = DIRECTION('',(-0.E+000,-0.E+000,-1.));
#3531 = DIRECTION('',(1.,0.E+000,-0.E+000));
#3532 = ADVANCED_FACE('',(#3533),#3560,.F.);
#3533 = FACE_BOUND('',#3534,.T.);
#3534 = EDGE_LOOP('',(#3535,#3545,#3552,#3553));
#3535 = ORIENTED_EDGE('',*,*,#3536,.T.);
#3536 = EDGE_CURVE('',#3537,#3539,#3541,.T.);
#3537 = VERTEX_POINT('',#3538);
#3538 = CARTESIAN_POINT('',(86.027,114.965,0.E+000));
#3539 = VERTEX_POINT('',#3540);
#3540 = CARTESIAN_POINT('',(86.027,114.965,0.41148));
#3541 = LINE('',#3542,#3543);
#3542 = CARTESIAN_POINT('',(86.027,114.965,0.E+000));
#3543 = VECTOR('',#3544,1.);
#3544 = DIRECTION('',(0.E+000,0.E+000,1.));
#3545 = ORIENTED_EDGE('',*,*,#3546,.T.);
#3546 = EDGE_CURVE('',#3539,#3539,#3547,.T.);
#3547 = CIRCLE('',#3548,0.457);
#3548 = AXIS2_PLACEMENT_3D('',#3549,#3550,#3551);
#3549 = CARTESIAN_POINT('',(85.57,114.965,0.41148));
#3550 = DIRECTION('',(0.E+000,0.E+000,1.));
#3551 = DIRECTION('',(1.,0.E+000,-0.E+000));
#3552 = ORIENTED_EDGE('',*,*,#3536,.F.);
#3553 = ORIENTED_EDGE('',*,*,#3554,.F.);
#3554 = EDGE_CURVE('',#3537,#3537,#3555,.T.);
#3555 = CIRCLE('',#3556,0.457);
#3556 = AXIS2_PLACEMENT_3D('',#3557,#3558,#3559);
#3557 = CARTESIAN_POINT('',(85.57,114.965,0.E+000));
#3558 = DIRECTION('',(0.E+000,0.E+000,1.));
#3559 = DIRECTION('',(1.,0.E+000,-0.E+000));
#3560 = CYLINDRICAL_SURFACE('',#3561,0.457);
#3561 = AXIS2_PLACEMENT_3D('',#3562,#3563,#3564);
#3562 = CARTESIAN_POINT('',(85.57,114.965,0.E+000));
#3563 = DIRECTION('',(-0.E+000,-0.E+000,-1.));
#3564 = DIRECTION('',(1.,0.E+000,-0.E+000));
#3565 = ADVANCED_FACE('',(#3566),#3593,.F.);
#3566 = FACE_BOUND('',#3567,.T.);
#3567 = EDGE_LOOP('',(#3568,#3578,#3585,#3586));
#3568 = ORIENTED_EDGE('',*,*,#3569,.T.);
#3569 = EDGE_CURVE('',#3570,#3572,#3574,.T.);
#3570 = VERTEX_POINT('',#3571);
#3571 = CARTESIAN_POINT('',(90.881,103.251,0.E+000));
#3572 = VERTEX_POINT('',#3573);
#3573 = CARTESIAN_POINT('',(90.881,103.251,0.41148));
#3574 = LINE('',#3575,#3576);
#3575 = CARTESIAN_POINT('',(90.881,103.251,0.E+000));
#3576 = VECTOR('',#3577,1.);
#3577 = DIRECTION('',(0.E+000,0.E+000,1.));
#3578 = ORIENTED_EDGE('',*,*,#3579,.T.);
#3579 = EDGE_CURVE('',#3572,#3572,#3580,.T.);
#3580 = CIRCLE('',#3581,0.457);
#3581 = AXIS2_PLACEMENT_3D('',#3582,#3583,#3584);
#3582 = CARTESIAN_POINT('',(90.424,103.251,0.41148));
#3583 = DIRECTION('',(0.E+000,0.E+000,1.));
#3584 = DIRECTION('',(1.,0.E+000,-0.E+000));
#3585 = ORIENTED_EDGE('',*,*,#3569,.F.);
#3586 = ORIENTED_EDGE('',*,*,#3587,.F.);
#3587 = EDGE_CURVE('',#3570,#3570,#3588,.T.);
#3588 = CIRCLE('',#3589,0.457);
#3589 = AXIS2_PLACEMENT_3D('',#3590,#3591,#3592);
#3590 = CARTESIAN_POINT('',(90.424,103.251,0.E+000));
#3591 = DIRECTION('',(0.E+000,0.E+000,1.));
#3592 = DIRECTION('',(1.,0.E+000,-0.E+000));
#3593 = CYLINDRICAL_SURFACE('',#3594,0.457);
#3594 = AXIS2_PLACEMENT_3D('',#3595,#3596,#3597);
#3595 = CARTESIAN_POINT('',(90.424,103.251,0.E+000));
#3596 = DIRECTION('',(-0.E+000,-0.E+000,-1.));
#3597 = DIRECTION('',(1.,0.E+000,-0.E+000));
#3598 = ADVANCED_FACE('',(#3599),#3635,.F.);
#3599 = FACE_BOUND('',#3600,.T.);
#3600 = EDGE_LOOP('',(#3601,#3611,#3620,#3628));
#3601 = ORIENTED_EDGE('',*,*,#3602,.T.);
#3602 = EDGE_CURVE('',#3603,#3605,#3607,.T.);
#3603 = VERTEX_POINT('',#3604);
#3604 = CARTESIAN_POINT('',(90.42146,122.3772,0.E+000));
#3605 = VERTEX_POINT('',#3606);
#3606 = CARTESIAN_POINT('',(90.42146,122.3772,0.41148));
#3607 = LINE('',#3608,#3609);
#3608 = CARTESIAN_POINT('',(90.42146,122.3772,0.E+000));
#3609 = VECTOR('',#3610,1.);
#3610 = DIRECTION('',(0.E+000,0.E+000,1.));
#3611 = ORIENTED_EDGE('',*,*,#3612,.T.);
#3612 = EDGE_CURVE('',#3605,#3613,#3615,.T.);
#3613 = VERTEX_POINT('',#3614);
#3614 = CARTESIAN_POINT('',(90.42146,121.4628,0.41148));
#3615 = CIRCLE('',#3616,0.4572);
#3616 = AXIS2_PLACEMENT_3D('',#3617,#3618,#3619);
#3617 = CARTESIAN_POINT('',(90.42146,121.92,0.41148));
#3618 = DIRECTION('',(0.E+000,-0.E+000,1.));
#3619 = DIRECTION('',(0.E+000,1.,0.E+000));
#3620 = ORIENTED_EDGE('',*,*,#3621,.F.);
#3621 = EDGE_CURVE('',#3622,#3613,#3624,.T.);
#3622 = VERTEX_POINT('',#3623);
#3623 = CARTESIAN_POINT('',(90.42146,121.4628,0.E+000));
#3624 = LINE('',#3625,#3626);
#3625 = CARTESIAN_POINT('',(90.42146,121.4628,0.E+000));
#3626 = VECTOR('',#3627,1.);
#3627 = DIRECTION('',(0.E+000,0.E+000,1.));
#3628 = ORIENTED_EDGE('',*,*,#3629,.F.);
#3629 = EDGE_CURVE('',#3603,#3622,#3630,.T.);
#3630 = CIRCLE('',#3631,0.4572);
#3631 = AXIS2_PLACEMENT_3D('',#3632,#3633,#3634);
#3632 = CARTESIAN_POINT('',(90.42146,121.92,0.E+000));
#3633 = DIRECTION('',(0.E+000,-0.E+000,1.));
#3634 = DIRECTION('',(0.E+000,1.,0.E+000));
#3635 = CYLINDRICAL_SURFACE('',#3636,0.4572);
#3636 = AXIS2_PLACEMENT_3D('',#3637,#3638,#3639);
#3637 = CARTESIAN_POINT('',(90.42146,121.92,0.E+000));
#3638 = DIRECTION('',(-0.E+000,0.E+000,-1.));
#3639 = DIRECTION('',(0.E+000,1.,0.E+000));
#3640 = ADVANCED_FACE('',(#3641),#3666,.T.);
#3641 = FACE_BOUND('',#3642,.T.);
#3642 = EDGE_LOOP('',(#3643,#3653,#3659,#3660));
#3643 = ORIENTED_EDGE('',*,*,#3644,.T.);
#3644 = EDGE_CURVE('',#3645,#3647,#3649,.T.);
#3645 = VERTEX_POINT('',#3646);
#3646 = CARTESIAN_POINT('',(90.42654,122.3772,0.E+000));
#3647 = VERTEX_POINT('',#3648);
#3648 = CARTESIAN_POINT('',(90.42654,122.3772,0.41148));
#3649 = LINE('',#3650,#3651);
#3650 = CARTESIAN_POINT('',(90.42654,122.3772,0.E+000));
#3651 = VECTOR('',#3652,1.);
#3652 = DIRECTION('',(0.E+000,0.E+000,1.));
#3653 = ORIENTED_EDGE('',*,*,#3654,.T.);
#3654 = EDGE_CURVE('',#3647,#3605,#3655,.T.);
#3655 = LINE('',#3656,#3657);
#3656 = CARTESIAN_POINT('',(90.42654,122.3772,0.41148));
#3657 = VECTOR('',#3658,1.);
#3658 = DIRECTION('',(-1.,0.E+000,0.E+000));
#3659 = ORIENTED_EDGE('',*,*,#3602,.F.);
#3660 = ORIENTED_EDGE('',*,*,#3661,.F.);
#3661 = EDGE_CURVE('',#3645,#3603,#3662,.T.);
#3662 = LINE('',#3663,#3664);
#3663 = CARTESIAN_POINT('',(90.42654,122.3772,0.E+000));
#3664 = VECTOR('',#3665,1.);
#3665 = DIRECTION('',(-1.,0.E+000,0.E+000));
#3666 = PLANE('',#3667);
#3667 = AXIS2_PLACEMENT_3D('',#3668,#3669,#3670);
#3668 = CARTESIAN_POINT('',(90.42654,122.3772,0.E+000));
#3669 = DIRECTION('',(0.E+000,-1.,0.E+000));
#3670 = DIRECTION('',(-1.,0.E+000,0.E+000));
#3671 = ADVANCED_FACE('',(#3672),#3699,.F.);
#3672 = FACE_BOUND('',#3673,.T.);
#3673 = EDGE_LOOP('',(#3674,#3684,#3691,#3692));
#3674 = ORIENTED_EDGE('',*,*,#3675,.T.);
#3675 = EDGE_CURVE('',#3676,#3678,#3680,.T.);
#3676 = VERTEX_POINT('',#3677);
#3677 = CARTESIAN_POINT('',(90.42654,121.4628,0.E+000));
#3678 = VERTEX_POINT('',#3679);
#3679 = CARTESIAN_POINT('',(90.42654,121.4628,0.41148));
#3680 = LINE('',#3681,#3682);
#3681 = CARTESIAN_POINT('',(90.42654,121.4628,0.E+000));
#3682 = VECTOR('',#3683,1.);
#3683 = DIRECTION('',(0.E+000,0.E+000,1.));
#3684 = ORIENTED_EDGE('',*,*,#3685,.T.);
#3685 = EDGE_CURVE('',#3678,#3647,#3686,.T.);
#3686 = CIRCLE('',#3687,0.4572);
#3687 = AXIS2_PLACEMENT_3D('',#3688,#3689,#3690);
#3688 = CARTESIAN_POINT('',(90.42654,121.92,0.41148));
#3689 = DIRECTION('',(0.E+000,0.E+000,1.));
#3690 = DIRECTION('',(-0.E+000,-1.,0.E+000));
#3691 = ORIENTED_EDGE('',*,*,#3644,.F.);
#3692 = ORIENTED_EDGE('',*,*,#3693,.F.);
#3693 = EDGE_CURVE('',#3676,#3645,#3694,.T.);
#3694 = CIRCLE('',#3695,0.4572);
#3695 = AXIS2_PLACEMENT_3D('',#3696,#3697,#3698);
#3696 = CARTESIAN_POINT('',(90.42654,121.92,0.E+000));
#3697 = DIRECTION('',(0.E+000,0.E+000,1.));
#3698 = DIRECTION('',(-0.E+000,-1.,0.E+000));
#3699 = CYLINDRICAL_SURFACE('',#3700,0.4572);
#3700 = AXIS2_PLACEMENT_3D('',#3701,#3702,#3703);
#3701 = CARTESIAN_POINT('',(90.42654,121.92,0.E+000));
#3702 = DIRECTION('',(-0.E+000,-0.E+000,-1.));
#3703 = DIRECTION('',(-0.E+000,-1.,0.E+000));
#3704 = ADVANCED_FACE('',(#3705),#3721,.T.);
#3705 = FACE_BOUND('',#3706,.T.);
#3706 = EDGE_LOOP('',(#3707,#3708,#3714,#3715));
#3707 = ORIENTED_EDGE('',*,*,#3621,.T.);
#3708 = ORIENTED_EDGE('',*,*,#3709,.T.);
#3709 = EDGE_CURVE('',#3613,#3678,#3710,.T.);
#3710 = LINE('',#3711,#3712);
#3711 = CARTESIAN_POINT('',(90.42146,121.4628,0.41148));
#3712 = VECTOR('',#3713,1.);
#3713 = DIRECTION('',(1.,0.E+000,0.E+000));
#3714 = ORIENTED_EDGE('',*,*,#3675,.F.);
#3715 = ORIENTED_EDGE('',*,*,#3716,.F.);
#3716 = EDGE_CURVE('',#3622,#3676,#3717,.T.);
#3717 = LINE('',#3718,#3719);
#3718 = CARTESIAN_POINT('',(90.42146,121.4628,0.E+000));
#3719 = VECTOR('',#3720,1.);
#3720 = DIRECTION('',(1.,0.E+000,0.E+000));
#3721 = PLANE('',#3722);
#3722 = AXIS2_PLACEMENT_3D('',#3723,#3724,#3725);
#3723 = CARTESIAN_POINT('',(90.42146,121.4628,0.E+000));
#3724 = DIRECTION('',(0.E+000,1.,0.E+000));
#3725 = DIRECTION('',(1.,0.E+000,0.E+000));
#3726 = ADVANCED_FACE('',(#3727),#3754,.F.);
#3727 = FACE_BOUND('',#3728,.T.);
#3728 = EDGE_LOOP('',(#3729,#3739,#3746,#3747));
#3729 = ORIENTED_EDGE('',*,*,#3730,.T.);
#3730 = EDGE_CURVE('',#3731,#3733,#3735,.T.);
#3731 = VERTEX_POINT('',#3732);
#3732 = CARTESIAN_POINT('',(111.201,98.171,0.E+000));
#3733 = VERTEX_POINT('',#3734);
#3734 = CARTESIAN_POINT('',(111.201,98.171,0.41148));
#3735 = LINE('',#3736,#3737);
#3736 = CARTESIAN_POINT('',(111.201,98.171,0.E+000));
#3737 = VECTOR('',#3738,1.);
#3738 = DIRECTION('',(0.E+000,0.E+000,1.));
#3739 = ORIENTED_EDGE('',*,*,#3740,.T.);
#3740 = EDGE_CURVE('',#3733,#3733,#3741,.T.);
#3741 = CIRCLE('',#3742,0.457);
#3742 = AXIS2_PLACEMENT_3D('',#3743,#3744,#3745);
#3743 = CARTESIAN_POINT('',(110.744,98.171,0.41148));
#3744 = DIRECTION('',(0.E+000,0.E+000,1.));
#3745 = DIRECTION('',(1.,0.E+000,-0.E+000));
#3746 = ORIENTED_EDGE('',*,*,#3730,.F.);
#3747 = ORIENTED_EDGE('',*,*,#3748,.F.);
#3748 = EDGE_CURVE('',#3731,#3731,#3749,.T.);
#3749 = CIRCLE('',#3750,0.457);
#3750 = AXIS2_PLACEMENT_3D('',#3751,#3752,#3753);
#3751 = CARTESIAN_POINT('',(110.744,98.171,0.E+000));
#3752 = DIRECTION('',(0.E+000,0.E+000,1.));
#3753 = DIRECTION('',(1.,0.E+000,-0.E+000));
#3754 = CYLINDRICAL_SURFACE('',#3755,0.457);
#3755 = AXIS2_PLACEMENT_3D('',#3756,#3757,#3758);
#3756 = CARTESIAN_POINT('',(110.744,98.171,0.E+000));
#3757 = DIRECTION('',(-0.E+000,-0.E+000,-1.));
#3758 = DIRECTION('',(1.,0.E+000,-0.E+000));
#3759 = ADVANCED_FACE('',(#3760),#3787,.F.);
#3760 = FACE_BOUND('',#3761,.T.);
#3761 = EDGE_LOOP('',(#3762,#3772,#3779,#3780));
#3762 = ORIENTED_EDGE('',*,*,#3763,.T.);
#3763 = EDGE_CURVE('',#3764,#3766,#3768,.T.);
#3764 = VERTEX_POINT('',#3765);
#3765 = CARTESIAN_POINT('',(90.881,105.791,0.E+000));
#3766 = VERTEX_POINT('',#3767);
#3767 = CARTESIAN_POINT('',(90.881,105.791,0.41148));
#3768 = LINE('',#3769,#3770);
#3769 = CARTESIAN_POINT('',(90.881,105.791,0.E+000));
#3770 = VECTOR('',#3771,1.);
#3771 = DIRECTION('',(0.E+000,0.E+000,1.));
#3772 = ORIENTED_EDGE('',*,*,#3773,.T.);
#3773 = EDGE_CURVE('',#3766,#3766,#3774,.T.);
#3774 = CIRCLE('',#3775,0.457);
#3775 = AXIS2_PLACEMENT_3D('',#3776,#3777,#3778);
#3776 = CARTESIAN_POINT('',(90.424,105.791,0.41148));
#3777 = DIRECTION('',(0.E+000,0.E+000,1.));
#3778 = DIRECTION('',(1.,0.E+000,-0.E+000));
#3779 = ORIENTED_EDGE('',*,*,#3763,.F.);
#3780 = ORIENTED_EDGE('',*,*,#3781,.F.);
#3781 = EDGE_CURVE('',#3764,#3764,#3782,.T.);
#3782 = CIRCLE('',#3783,0.457);
#3783 = AXIS2_PLACEMENT_3D('',#3784,#3785,#3786);
#3784 = CARTESIAN_POINT('',(90.424,105.791,0.E+000));
#3785 = DIRECTION('',(0.E+000,0.E+000,1.));
#3786 = DIRECTION('',(1.,0.E+000,-0.E+000));
#3787 = CYLINDRICAL_SURFACE('',#3788,0.457);
#3788 = AXIS2_PLACEMENT_3D('',#3789,#3790,#3791);
#3789 = CARTESIAN_POINT('',(90.424,105.791,0.E+000));
#3790 = DIRECTION('',(-0.E+000,-0.E+000,-1.));
#3791 = DIRECTION('',(1.,0.E+000,-0.E+000));
#3792 = ADVANCED_FACE('',(#3793),#3820,.F.);
#3793 = FACE_BOUND('',#3794,.T.);
#3794 = EDGE_LOOP('',(#3795,#3805,#3812,#3813));
#3795 = ORIENTED_EDGE('',*,*,#3796,.T.);
#3796 = EDGE_CURVE('',#3797,#3799,#3801,.T.);
#3797 = VERTEX_POINT('',#3798);
#3798 = CARTESIAN_POINT('',(111.201,100.711,0.E+000));
#3799 = VERTEX_POINT('',#3800);
#3800 = CARTESIAN_POINT('',(111.201,100.711,0.41148));
#3801 = LINE('',#3802,#3803);
#3802 = CARTESIAN_POINT('',(111.201,100.711,0.E+000));
#3803 = VECTOR('',#3804,1.);
#3804 = DIRECTION('',(0.E+000,0.E+000,1.));
#3805 = ORIENTED_EDGE('',*,*,#3806,.T.);
#3806 = EDGE_CURVE('',#3799,#3799,#3807,.T.);
#3807 = CIRCLE('',#3808,0.457);
#3808 = AXIS2_PLACEMENT_3D('',#3809,#3810,#3811);
#3809 = CARTESIAN_POINT('',(110.744,100.711,0.41148));
#3810 = DIRECTION('',(0.E+000,0.E+000,1.));
#3811 = DIRECTION('',(1.,0.E+000,-0.E+000));
#3812 = ORIENTED_EDGE('',*,*,#3796,.F.);
#3813 = ORIENTED_EDGE('',*,*,#3814,.F.);
#3814 = EDGE_CURVE('',#3797,#3797,#3815,.T.);
#3815 = CIRCLE('',#3816,0.457);
#3816 = AXIS2_PLACEMENT_3D('',#3817,#3818,#3819);
#3817 = CARTESIAN_POINT('',(110.744,100.711,0.E+000));
#3818 = DIRECTION('',(0.E+000,0.E+000,1.));
#3819 = DIRECTION('',(1.,0.E+000,-0.E+000));
#3820 = CYLINDRICAL_SURFACE('',#3821,0.457);
#3821 = AXIS2_PLACEMENT_3D('',#3822,#3823,#3824);
#3822 = CARTESIAN_POINT('',(110.744,100.711,0.E+000));
#3823 = DIRECTION('',(-0.E+000,-0.E+000,-1.));
#3824 = DIRECTION('',(1.,0.E+000,-0.E+000));
#3825 = ADVANCED_FACE('',(#3826),#3862,.F.);
#3826 = FACE_BOUND('',#3827,.T.);
#3827 = EDGE_LOOP('',(#3828,#3838,#3847,#3855));
#3828 = ORIENTED_EDGE('',*,*,#3829,.T.);
#3829 = EDGE_CURVE('',#3830,#3832,#3834,.T.);
#3830 = VERTEX_POINT('',#3831);
#3831 = CARTESIAN_POINT('',(90.42146,125.0442,0.E+000));
#3832 = VERTEX_POINT('',#3833);
#3833 = CARTESIAN_POINT('',(90.42146,125.0442,0.41148));
#3834 = LINE('',#3835,#3836);
#3835 = CARTESIAN_POINT('',(90.42146,125.0442,0.E+000));
#3836 = VECTOR('',#3837,1.);
#3837 = DIRECTION('',(0.E+000,0.E+000,1.));
#3838 = ORIENTED_EDGE('',*,*,#3839,.T.);
#3839 = EDGE_CURVE('',#3832,#3840,#3842,.T.);
#3840 = VERTEX_POINT('',#3841);
#3841 = CARTESIAN_POINT('',(90.42146,124.1298,0.41148));
#3842 = CIRCLE('',#3843,0.4572);
#3843 = AXIS2_PLACEMENT_3D('',#3844,#3845,#3846);
#3844 = CARTESIAN_POINT('',(90.42146,124.587,0.41148));
#3845 = DIRECTION('',(0.E+000,-0.E+000,1.));
#3846 = DIRECTION('',(0.E+000,1.,0.E+000));
#3847 = ORIENTED_EDGE('',*,*,#3848,.F.);
#3848 = EDGE_CURVE('',#3849,#3840,#3851,.T.);
#3849 = VERTEX_POINT('',#3850);
#3850 = CARTESIAN_POINT('',(90.42146,124.1298,0.E+000));
#3851 = LINE('',#3852,#3853);
#3852 = CARTESIAN_POINT('',(90.42146,124.1298,0.E+000));
#3853 = VECTOR('',#3854,1.);
#3854 = DIRECTION('',(0.E+000,0.E+000,1.));
#3855 = ORIENTED_EDGE('',*,*,#3856,.F.);
#3856 = EDGE_CURVE('',#3830,#3849,#3857,.T.);
#3857 = CIRCLE('',#3858,0.4572);
#3858 = AXIS2_PLACEMENT_3D('',#3859,#3860,#3861);
#3859 = CARTESIAN_POINT('',(90.42146,124.587,0.E+000));
#3860 = DIRECTION('',(0.E+000,-0.E+000,1.));
#3861 = DIRECTION('',(0.E+000,1.,0.E+000));
#3862 = CYLINDRICAL_SURFACE('',#3863,0.4572);
#3863 = AXIS2_PLACEMENT_3D('',#3864,#3865,#3866);
#3864 = CARTESIAN_POINT('',(90.42146,124.587,0.E+000));
#3865 = DIRECTION('',(-0.E+000,0.E+000,-1.));
#3866 = DIRECTION('',(0.E+000,1.,0.E+000));
#3867 = ADVANCED_FACE('',(#3868),#3893,.T.);
#3868 = FACE_BOUND('',#3869,.T.);
#3869 = EDGE_LOOP('',(#3870,#3880,#3886,#3887));
#3870 = ORIENTED_EDGE('',*,*,#3871,.T.);
#3871 = EDGE_CURVE('',#3872,#3874,#3876,.T.);
#3872 = VERTEX_POINT('',#3873);
#3873 = CARTESIAN_POINT('',(90.42654,125.0442,0.E+000));
#3874 = VERTEX_POINT('',#3875);
#3875 = CARTESIAN_POINT('',(90.42654,125.0442,0.41148));
#3876 = LINE('',#3877,#3878);
#3877 = CARTESIAN_POINT('',(90.42654,125.0442,0.E+000));
#3878 = VECTOR('',#3879,1.);
#3879 = DIRECTION('',(0.E+000,0.E+000,1.));
#3880 = ORIENTED_EDGE('',*,*,#3881,.T.);
#3881 = EDGE_CURVE('',#3874,#3832,#3882,.T.);
#3882 = LINE('',#3883,#3884);
#3883 = CARTESIAN_POINT('',(90.42654,125.0442,0.41148));
#3884 = VECTOR('',#3885,1.);
#3885 = DIRECTION('',(-1.,0.E+000,0.E+000));
#3886 = ORIENTED_EDGE('',*,*,#3829,.F.);
#3887 = ORIENTED_EDGE('',*,*,#3888,.F.);
#3888 = EDGE_CURVE('',#3872,#3830,#3889,.T.);
#3889 = LINE('',#3890,#3891);
#3890 = CARTESIAN_POINT('',(90.42654,125.0442,0.E+000));
#3891 = VECTOR('',#3892,1.);
#3892 = DIRECTION('',(-1.,0.E+000,0.E+000));
#3893 = PLANE('',#3894);
#3894 = AXIS2_PLACEMENT_3D('',#3895,#3896,#3897);
#3895 = CARTESIAN_POINT('',(90.42654,125.0442,0.E+000));
#3896 = DIRECTION('',(0.E+000,-1.,0.E+000));
#3897 = DIRECTION('',(-1.,0.E+000,0.E+000));
#3898 = ADVANCED_FACE('',(#3899),#3926,.F.);
#3899 = FACE_BOUND('',#3900,.T.);
#3900 = EDGE_LOOP('',(#3901,#3911,#3918,#3919));
#3901 = ORIENTED_EDGE('',*,*,#3902,.T.);
#3902 = EDGE_CURVE('',#3903,#3905,#3907,.T.);
#3903 = VERTEX_POINT('',#3904);
#3904 = CARTESIAN_POINT('',(90.42654,124.1298,0.E+000));
#3905 = VERTEX_POINT('',#3906);
#3906 = CARTESIAN_POINT('',(90.42654,124.1298,0.41148));
#3907 = LINE('',#3908,#3909);
#3908 = CARTESIAN_POINT('',(90.42654,124.1298,0.E+000));
#3909 = VECTOR('',#3910,1.);
#3910 = DIRECTION('',(0.E+000,0.E+000,1.));
#3911 = ORIENTED_EDGE('',*,*,#3912,.T.);
#3912 = EDGE_CURVE('',#3905,#3874,#3913,.T.);
#3913 = CIRCLE('',#3914,0.4572);
#3914 = AXIS2_PLACEMENT_3D('',#3915,#3916,#3917);
#3915 = CARTESIAN_POINT('',(90.42654,124.587,0.41148));
#3916 = DIRECTION('',(0.E+000,0.E+000,1.));
#3917 = DIRECTION('',(-0.E+000,-1.,0.E+000));
#3918 = ORIENTED_EDGE('',*,*,#3871,.F.);
#3919 = ORIENTED_EDGE('',*,*,#3920,.F.);
#3920 = EDGE_CURVE('',#3903,#3872,#3921,.T.);
#3921 = CIRCLE('',#3922,0.4572);
#3922 = AXIS2_PLACEMENT_3D('',#3923,#3924,#3925);
#3923 = CARTESIAN_POINT('',(90.42654,124.587,0.E+000));
#3924 = DIRECTION('',(0.E+000,0.E+000,1.));
#3925 = DIRECTION('',(-0.E+000,-1.,0.E+000));
#3926 = CYLINDRICAL_SURFACE('',#3927,0.4572);
#3927 = AXIS2_PLACEMENT_3D('',#3928,#3929,#3930);
#3928 = CARTESIAN_POINT('',(90.42654,124.587,0.E+000));
#3929 = DIRECTION('',(-0.E+000,-0.E+000,-1.));
#3930 = DIRECTION('',(-0.E+000,-1.,0.E+000));
#3931 = ADVANCED_FACE('',(#3932),#3948,.T.);
#3932 = FACE_BOUND('',#3933,.T.);
#3933 = EDGE_LOOP('',(#3934,#3935,#3941,#3942));
#3934 = ORIENTED_EDGE('',*,*,#3848,.T.);
#3935 = ORIENTED_EDGE('',*,*,#3936,.T.);
#3936 = EDGE_CURVE('',#3840,#3905,#3937,.T.);
#3937 = LINE('',#3938,#3939);
#3938 = CARTESIAN_POINT('',(90.42146,124.1298,0.41148));
#3939 = VECTOR('',#3940,1.);
#3940 = DIRECTION('',(1.,0.E+000,0.E+000));
#3941 = ORIENTED_EDGE('',*,*,#3902,.F.);
#3942 = ORIENTED_EDGE('',*,*,#3943,.F.);
#3943 = EDGE_CURVE('',#3849,#3903,#3944,.T.);
#3944 = LINE('',#3945,#3946);
#3945 = CARTESIAN_POINT('',(90.42146,124.1298,0.E+000));
#3946 = VECTOR('',#3947,1.);
#3947 = DIRECTION('',(1.,0.E+000,0.E+000));
#3948 = PLANE('',#3949);
#3949 = AXIS2_PLACEMENT_3D('',#3950,#3951,#3952);
#3950 = CARTESIAN_POINT('',(90.42146,124.1298,0.E+000));
#3951 = DIRECTION('',(0.E+000,1.,0.E+000));
#3952 = DIRECTION('',(1.,0.E+000,0.E+000));
#3953 = ADVANCED_FACE('',(#3954),#3990,.F.);
#3954 = FACE_BOUND('',#3955,.T.);
#3955 = EDGE_LOOP('',(#3956,#3966,#3975,#3983));
#3956 = ORIENTED_EDGE('',*,*,#3957,.T.);
#3957 = EDGE_CURVE('',#3958,#3960,#3962,.T.);
#3958 = VERTEX_POINT('',#3959);
#3959 = CARTESIAN_POINT('',(90.42146,130.1242,0.E+000));
#3960 = VERTEX_POINT('',#3961);
#3961 = CARTESIAN_POINT('',(90.42146,130.1242,0.41148));
#3962 = LINE('',#3963,#3964);
#3963 = CARTESIAN_POINT('',(90.42146,130.1242,0.E+000));
#3964 = VECTOR('',#3965,1.);
#3965 = DIRECTION('',(0.E+000,0.E+000,1.));
#3966 = ORIENTED_EDGE('',*,*,#3967,.T.);
#3967 = EDGE_CURVE('',#3960,#3968,#3970,.T.);
#3968 = VERTEX_POINT('',#3969);
#3969 = CARTESIAN_POINT('',(90.42146,129.2098,0.41148));
#3970 = CIRCLE('',#3971,0.4572);
#3971 = AXIS2_PLACEMENT_3D('',#3972,#3973,#3974);
#3972 = CARTESIAN_POINT('',(90.42146,129.667,0.41148));
#3973 = DIRECTION('',(0.E+000,-0.E+000,1.));
#3974 = DIRECTION('',(0.E+000,1.,0.E+000));
#3975 = ORIENTED_EDGE('',*,*,#3976,.F.);
#3976 = EDGE_CURVE('',#3977,#3968,#3979,.T.);
#3977 = VERTEX_POINT('',#3978);
#3978 = CARTESIAN_POINT('',(90.42146,129.2098,0.E+000));
#3979 = LINE('',#3980,#3981);
#3980 = CARTESIAN_POINT('',(90.42146,129.2098,0.E+000));
#3981 = VECTOR('',#3982,1.);
#3982 = DIRECTION('',(0.E+000,0.E+000,1.));
#3983 = ORIENTED_EDGE('',*,*,#3984,.F.);
#3984 = EDGE_CURVE('',#3958,#3977,#3985,.T.);
#3985 = CIRCLE('',#3986,0.4572);
#3986 = AXIS2_PLACEMENT_3D('',#3987,#3988,#3989);
#3987 = CARTESIAN_POINT('',(90.42146,129.667,0.E+000));
#3988 = DIRECTION('',(0.E+000,-0.E+000,1.));
#3989 = DIRECTION('',(0.E+000,1.,0.E+000));
#3990 = CYLINDRICAL_SURFACE('',#3991,0.4572);
#3991 = AXIS2_PLACEMENT_3D('',#3992,#3993,#3994);
#3992 = CARTESIAN_POINT('',(90.42146,129.667,0.E+000));
#3993 = DIRECTION('',(-0.E+000,0.E+000,-1.));
#3994 = DIRECTION('',(0.E+000,1.,0.E+000));
#3995 = ADVANCED_FACE('',(#3996),#4021,.T.);
#3996 = FACE_BOUND('',#3997,.T.);
#3997 = EDGE_LOOP('',(#3998,#4008,#4014,#4015));
#3998 = ORIENTED_EDGE('',*,*,#3999,.T.);
#3999 = EDGE_CURVE('',#4000,#4002,#4004,.T.);
#4000 = VERTEX_POINT('',#4001);
#4001 = CARTESIAN_POINT('',(90.42654,130.1242,0.E+000));
#4002 = VERTEX_POINT('',#4003);
#4003 = CARTESIAN_POINT('',(90.42654,130.1242,0.41148));
#4004 = LINE('',#4005,#4006);
#4005 = CARTESIAN_POINT('',(90.42654,130.1242,0.E+000));
#4006 = VECTOR('',#4007,1.);
#4007 = DIRECTION('',(0.E+000,0.E+000,1.));
#4008 = ORIENTED_EDGE('',*,*,#4009,.T.);
#4009 = EDGE_CURVE('',#4002,#3960,#4010,.T.);
#4010 = LINE('',#4011,#4012);
#4011 = CARTESIAN_POINT('',(90.42654,130.1242,0.41148));
#4012 = VECTOR('',#4013,1.);
#4013 = DIRECTION('',(-1.,0.E+000,0.E+000));
#4014 = ORIENTED_EDGE('',*,*,#3957,.F.);
#4015 = ORIENTED_EDGE('',*,*,#4016,.F.);
#4016 = EDGE_CURVE('',#4000,#3958,#4017,.T.);
#4017 = LINE('',#4018,#4019);
#4018 = CARTESIAN_POINT('',(90.42654,130.1242,0.E+000));
#4019 = VECTOR('',#4020,1.);
#4020 = DIRECTION('',(-1.,0.E+000,0.E+000));
#4021 = PLANE('',#4022);
#4022 = AXIS2_PLACEMENT_3D('',#4023,#4024,#4025);
#4023 = CARTESIAN_POINT('',(90.42654,130.1242,0.E+000));
#4024 = DIRECTION('',(0.E+000,-1.,0.E+000));
#4025 = DIRECTION('',(-1.,0.E+000,0.E+000));
#4026 = ADVANCED_FACE('',(#4027),#4054,.F.);
#4027 = FACE_BOUND('',#4028,.T.);
#4028 = EDGE_LOOP('',(#4029,#4039,#4046,#4047));
#4029 = ORIENTED_EDGE('',*,*,#4030,.T.);
#4030 = EDGE_CURVE('',#4031,#4033,#4035,.T.);
#4031 = VERTEX_POINT('',#4032);
#4032 = CARTESIAN_POINT('',(90.42654,129.2098,0.E+000));
#4033 = VERTEX_POINT('',#4034);
#4034 = CARTESIAN_POINT('',(90.42654,129.2098,0.41148));
#4035 = LINE('',#4036,#4037);
#4036 = CARTESIAN_POINT('',(90.42654,129.2098,0.E+000));
#4037 = VECTOR('',#4038,1.);
#4038 = DIRECTION('',(0.E+000,0.E+000,1.));
#4039 = ORIENTED_EDGE('',*,*,#4040,.T.);
#4040 = EDGE_CURVE('',#4033,#4002,#4041,.T.);
#4041 = CIRCLE('',#4042,0.4572);
#4042 = AXIS2_PLACEMENT_3D('',#4043,#4044,#4045);
#4043 = CARTESIAN_POINT('',(90.42654,129.667,0.41148));
#4044 = DIRECTION('',(0.E+000,0.E+000,1.));
#4045 = DIRECTION('',(-0.E+000,-1.,0.E+000));
#4046 = ORIENTED_EDGE('',*,*,#3999,.F.);
#4047 = ORIENTED_EDGE('',*,*,#4048,.F.);
#4048 = EDGE_CURVE('',#4031,#4000,#4049,.T.);
#4049 = CIRCLE('',#4050,0.4572);
#4050 = AXIS2_PLACEMENT_3D('',#4051,#4052,#4053);
#4051 = CARTESIAN_POINT('',(90.42654,129.667,0.E+000));
#4052 = DIRECTION('',(0.E+000,0.E+000,1.));
#4053 = DIRECTION('',(-0.E+000,-1.,0.E+000));
#4054 = CYLINDRICAL_SURFACE('',#4055,0.4572);
#4055 = AXIS2_PLACEMENT_3D('',#4056,#4057,#4058);
#4056 = CARTESIAN_POINT('',(90.42654,129.667,0.E+000));
#4057 = DIRECTION('',(-0.E+000,-0.E+000,-1.));
#4058 = DIRECTION('',(-0.E+000,-1.,0.E+000));
#4059 = ADVANCED_FACE('',(#4060),#4076,.T.);
#4060 = FACE_BOUND('',#4061,.T.);
#4061 = EDGE_LOOP('',(#4062,#4063,#4069,#4070));
#4062 = ORIENTED_EDGE('',*,*,#3976,.T.);
#4063 = ORIENTED_EDGE('',*,*,#4064,.T.);
#4064 = EDGE_CURVE('',#3968,#4033,#4065,.T.);
#4065 = LINE('',#4066,#4067);
#4066 = CARTESIAN_POINT('',(90.42146,129.2098,0.41148));
#4067 = VECTOR('',#4068,1.);
#4068 = DIRECTION('',(1.,0.E+000,0.E+000));
#4069 = ORIENTED_EDGE('',*,*,#4030,.F.);
#4070 = ORIENTED_EDGE('',*,*,#4071,.F.);
#4071 = EDGE_CURVE('',#3977,#4031,#4072,.T.);
#4072 = LINE('',#4073,#4074);
#4073 = CARTESIAN_POINT('',(90.42146,129.2098,0.E+000));
#4074 = VECTOR('',#4075,1.);
#4075 = DIRECTION('',(1.,0.E+000,0.E+000));
#4076 = PLANE('',#4077);
#4077 = AXIS2_PLACEMENT_3D('',#4078,#4079,#4080);
#4078 = CARTESIAN_POINT('',(90.42146,129.2098,0.E+000));
#4079 = DIRECTION('',(0.E+000,1.,0.E+000));
#4080 = DIRECTION('',(1.,0.E+000,0.E+000));
#4081 = ADVANCED_FACE('',(#4082),#4118,.F.);
#4082 = FACE_BOUND('',#4083,.T.);
#4083 = EDGE_LOOP('',(#4084,#4094,#4103,#4111));
#4084 = ORIENTED_EDGE('',*,*,#4085,.T.);
#4085 = EDGE_CURVE('',#4086,#4088,#4090,.T.);
#4086 = VERTEX_POINT('',#4087);
#4087 = CARTESIAN_POINT('',(90.42146,127.5842,0.E+000));
#4088 = VERTEX_POINT('',#4089);
#4089 = CARTESIAN_POINT('',(90.42146,127.5842,0.41148));
#4090 = LINE('',#4091,#4092);
#4091 = CARTESIAN_POINT('',(90.42146,127.5842,0.E+000));
#4092 = VECTOR('',#4093,1.);
#4093 = DIRECTION('',(0.E+000,0.E+000,1.));
#4094 = ORIENTED_EDGE('',*,*,#4095,.T.);
#4095 = EDGE_CURVE('',#4088,#4096,#4098,.T.);
#4096 = VERTEX_POINT('',#4097);
#4097 = CARTESIAN_POINT('',(90.42146,126.6698,0.41148));
#4098 = CIRCLE('',#4099,0.4572);
#4099 = AXIS2_PLACEMENT_3D('',#4100,#4101,#4102);
#4100 = CARTESIAN_POINT('',(90.42146,127.127,0.41148));
#4101 = DIRECTION('',(0.E+000,-0.E+000,1.));
#4102 = DIRECTION('',(0.E+000,1.,0.E+000));
#4103 = ORIENTED_EDGE('',*,*,#4104,.F.);
#4104 = EDGE_CURVE('',#4105,#4096,#4107,.T.);
#4105 = VERTEX_POINT('',#4106);
#4106 = CARTESIAN_POINT('',(90.42146,126.6698,0.E+000));
#4107 = LINE('',#4108,#4109);
#4108 = CARTESIAN_POINT('',(90.42146,126.6698,0.E+000));
#4109 = VECTOR('',#4110,1.);
#4110 = DIRECTION('',(0.E+000,0.E+000,1.));
#4111 = ORIENTED_EDGE('',*,*,#4112,.F.);
#4112 = EDGE_CURVE('',#4086,#4105,#4113,.T.);
#4113 = CIRCLE('',#4114,0.4572);
#4114 = AXIS2_PLACEMENT_3D('',#4115,#4116,#4117);
#4115 = CARTESIAN_POINT('',(90.42146,127.127,0.E+000));
#4116 = DIRECTION('',(0.E+000,-0.E+000,1.));
#4117 = DIRECTION('',(0.E+000,1.,0.E+000));
#4118 = CYLINDRICAL_SURFACE('',#4119,0.4572);
#4119 = AXIS2_PLACEMENT_3D('',#4120,#4121,#4122);
#4120 = CARTESIAN_POINT('',(90.42146,127.127,0.E+000));
#4121 = DIRECTION('',(-0.E+000,0.E+000,-1.));
#4122 = DIRECTION('',(0.E+000,1.,0.E+000));
#4123 = ADVANCED_FACE('',(#4124),#4149,.T.);
#4124 = FACE_BOUND('',#4125,.T.);
#4125 = EDGE_LOOP('',(#4126,#4136,#4142,#4143));
#4126 = ORIENTED_EDGE('',*,*,#4127,.T.);
#4127 = EDGE_CURVE('',#4128,#4130,#4132,.T.);
#4128 = VERTEX_POINT('',#4129);
#4129 = CARTESIAN_POINT('',(90.42654,127.5842,0.E+000));
#4130 = VERTEX_POINT('',#4131);
#4131 = CARTESIAN_POINT('',(90.42654,127.5842,0.41148));
#4132 = LINE('',#4133,#4134);
#4133 = CARTESIAN_POINT('',(90.42654,127.5842,0.E+000));
#4134 = VECTOR('',#4135,1.);
#4135 = DIRECTION('',(0.E+000,0.E+000,1.));
#4136 = ORIENTED_EDGE('',*,*,#4137,.T.);
#4137 = EDGE_CURVE('',#4130,#4088,#4138,.T.);
#4138 = LINE('',#4139,#4140);
#4139 = CARTESIAN_POINT('',(90.42654,127.5842,0.41148));
#4140 = VECTOR('',#4141,1.);
#4141 = DIRECTION('',(-1.,0.E+000,0.E+000));
#4142 = ORIENTED_EDGE('',*,*,#4085,.F.);
#4143 = ORIENTED_EDGE('',*,*,#4144,.F.);
#4144 = EDGE_CURVE('',#4128,#4086,#4145,.T.);
#4145 = LINE('',#4146,#4147);
#4146 = CARTESIAN_POINT('',(90.42654,127.5842,0.E+000));
#4147 = VECTOR('',#4148,1.);
#4148 = DIRECTION('',(-1.,0.E+000,0.E+000));
#4149 = PLANE('',#4150);
#4150 = AXIS2_PLACEMENT_3D('',#4151,#4152,#4153);
#4151 = CARTESIAN_POINT('',(90.42654,127.5842,0.E+000));
#4152 = DIRECTION('',(0.E+000,-1.,0.E+000));
#4153 = DIRECTION('',(-1.,0.E+000,0.E+000));
#4154 = ADVANCED_FACE('',(#4155),#4182,.F.);
#4155 = FACE_BOUND('',#4156,.T.);
#4156 = EDGE_LOOP('',(#4157,#4167,#4174,#4175));
#4157 = ORIENTED_EDGE('',*,*,#4158,.T.);
#4158 = EDGE_CURVE('',#4159,#4161,#4163,.T.);
#4159 = VERTEX_POINT('',#4160);
#4160 = CARTESIAN_POINT('',(90.42654,126.6698,0.E+000));
#4161 = VERTEX_POINT('',#4162);
#4162 = CARTESIAN_POINT('',(90.42654,126.6698,0.41148));
#4163 = LINE('',#4164,#4165);
#4164 = CARTESIAN_POINT('',(90.42654,126.6698,0.E+000));
#4165 = VECTOR('',#4166,1.);
#4166 = DIRECTION('',(0.E+000,0.E+000,1.));
#4167 = ORIENTED_EDGE('',*,*,#4168,.T.);
#4168 = EDGE_CURVE('',#4161,#4130,#4169,.T.);
#4169 = CIRCLE('',#4170,0.4572);
#4170 = AXIS2_PLACEMENT_3D('',#4171,#4172,#4173);
#4171 = CARTESIAN_POINT('',(90.42654,127.127,0.41148));
#4172 = DIRECTION('',(0.E+000,0.E+000,1.));
#4173 = DIRECTION('',(-0.E+000,-1.,0.E+000));
#4174 = ORIENTED_EDGE('',*,*,#4127,.F.);
#4175 = ORIENTED_EDGE('',*,*,#4176,.F.);
#4176 = EDGE_CURVE('',#4159,#4128,#4177,.T.);
#4177 = CIRCLE('',#4178,0.4572);
#4178 = AXIS2_PLACEMENT_3D('',#4179,#4180,#4181);
#4179 = CARTESIAN_POINT('',(90.42654,127.127,0.E+000));
#4180 = DIRECTION('',(0.E+000,0.E+000,1.));
#4181 = DIRECTION('',(-0.E+000,-1.,0.E+000));
#4182 = CYLINDRICAL_SURFACE('',#4183,0.4572);
#4183 = AXIS2_PLACEMENT_3D('',#4184,#4185,#4186);
#4184 = CARTESIAN_POINT('',(90.42654,127.127,0.E+000));
#4185 = DIRECTION('',(-0.E+000,-0.E+000,-1.));
#4186 = DIRECTION('',(-0.E+000,-1.,0.E+000));
#4187 = ADVANCED_FACE('',(#4188),#4204,.T.);
#4188 = FACE_BOUND('',#4189,.T.);
#4189 = EDGE_LOOP('',(#4190,#4191,#4197,#4198));
#4190 = ORIENTED_EDGE('',*,*,#4104,.T.);
#4191 = ORIENTED_EDGE('',*,*,#4192,.T.);
#4192 = EDGE_CURVE('',#4096,#4161,#4193,.T.);
#4193 = LINE('',#4194,#4195);
#4194 = CARTESIAN_POINT('',(90.42146,126.6698,0.41148));
#4195 = VECTOR('',#4196,1.);
#4196 = DIRECTION('',(1.,0.E+000,0.E+000));
#4197 = ORIENTED_EDGE('',*,*,#4158,.F.);
#4198 = ORIENTED_EDGE('',*,*,#4199,.F.);
#4199 = EDGE_CURVE('',#4105,#4159,#4200,.T.);
#4200 = LINE('',#4201,#4202);
#4201 = CARTESIAN_POINT('',(90.42146,126.6698,0.E+000));
#4202 = VECTOR('',#4203,1.);
#4203 = DIRECTION('',(1.,0.E+000,0.E+000));
#4204 = PLANE('',#4205);
#4205 = AXIS2_PLACEMENT_3D('',#4206,#4207,#4208);
#4206 = CARTESIAN_POINT('',(90.42146,126.6698,0.E+000));
#4207 = DIRECTION('',(0.E+000,1.,0.E+000));
#4208 = DIRECTION('',(1.,0.E+000,0.E+000));
#4209 = ADVANCED_FACE('',(#4210),#4246,.F.);
#4210 = FACE_BOUND('',#4211,.T.);
#4211 = EDGE_LOOP('',(#4212,#4222,#4231,#4239));
#4212 = ORIENTED_EDGE('',*,*,#4213,.T.);
#4213 = EDGE_CURVE('',#4214,#4216,#4218,.T.);
#4214 = VERTEX_POINT('',#4215);
#4215 = CARTESIAN_POINT('',(108.20146,125.0442,0.E+000));
#4216 = VERTEX_POINT('',#4217);
#4217 = CARTESIAN_POINT('',(108.20146,125.0442,0.41148));
#4218 = LINE('',#4219,#4220);
#4219 = CARTESIAN_POINT('',(108.20146,125.0442,0.E+000));
#4220 = VECTOR('',#4221,1.);
#4221 = DIRECTION('',(0.E+000,0.E+000,1.));
#4222 = ORIENTED_EDGE('',*,*,#4223,.T.);
#4223 = EDGE_CURVE('',#4216,#4224,#4226,.T.);
#4224 = VERTEX_POINT('',#4225);
#4225 = CARTESIAN_POINT('',(108.20146,124.1298,0.41148));
#4226 = CIRCLE('',#4227,0.4572);
#4227 = AXIS2_PLACEMENT_3D('',#4228,#4229,#4230);
#4228 = CARTESIAN_POINT('',(108.20146,124.587,0.41148));
#4229 = DIRECTION('',(0.E+000,-0.E+000,1.));
#4230 = DIRECTION('',(0.E+000,1.,0.E+000));
#4231 = ORIENTED_EDGE('',*,*,#4232,.F.);
#4232 = EDGE_CURVE('',#4233,#4224,#4235,.T.);
#4233 = VERTEX_POINT('',#4234);
#4234 = CARTESIAN_POINT('',(108.20146,124.1298,0.E+000));
#4235 = LINE('',#4236,#4237);
#4236 = CARTESIAN_POINT('',(108.20146,124.1298,0.E+000));
#4237 = VECTOR('',#4238,1.);
#4238 = DIRECTION('',(0.E+000,0.E+000,1.));
#4239 = ORIENTED_EDGE('',*,*,#4240,.F.);
#4240 = EDGE_CURVE('',#4214,#4233,#4241,.T.);
#4241 = CIRCLE('',#4242,0.4572);
#4242 = AXIS2_PLACEMENT_3D('',#4243,#4244,#4245);
#4243 = CARTESIAN_POINT('',(108.20146,124.587,0.E+000));
#4244 = DIRECTION('',(0.E+000,-0.E+000,1.));
#4245 = DIRECTION('',(0.E+000,1.,0.E+000));
#4246 = CYLINDRICAL_SURFACE('',#4247,0.4572);
#4247 = AXIS2_PLACEMENT_3D('',#4248,#4249,#4250);
#4248 = CARTESIAN_POINT('',(108.20146,124.587,0.E+000));
#4249 = DIRECTION('',(-0.E+000,0.E+000,-1.));
#4250 = DIRECTION('',(0.E+000,1.,0.E+000));
#4251 = ADVANCED_FACE('',(#4252),#4277,.T.);
#4252 = FACE_BOUND('',#4253,.T.);
#4253 = EDGE_LOOP('',(#4254,#4264,#4270,#4271));
#4254 = ORIENTED_EDGE('',*,*,#4255,.T.);
#4255 = EDGE_CURVE('',#4256,#4258,#4260,.T.);
#4256 = VERTEX_POINT('',#4257);
#4257 = CARTESIAN_POINT('',(108.20654,125.0442,0.E+000));
#4258 = VERTEX_POINT('',#4259);
#4259 = CARTESIAN_POINT('',(108.20654,125.0442,0.41148));
#4260 = LINE('',#4261,#4262);
#4261 = CARTESIAN_POINT('',(108.20654,125.0442,0.E+000));
#4262 = VECTOR('',#4263,1.);
#4263 = DIRECTION('',(0.E+000,0.E+000,1.));
#4264 = ORIENTED_EDGE('',*,*,#4265,.T.);
#4265 = EDGE_CURVE('',#4258,#4216,#4266,.T.);
#4266 = LINE('',#4267,#4268);
#4267 = CARTESIAN_POINT('',(108.20654,125.0442,0.41148));
#4268 = VECTOR('',#4269,1.);
#4269 = DIRECTION('',(-1.,0.E+000,0.E+000));
#4270 = ORIENTED_EDGE('',*,*,#4213,.F.);
#4271 = ORIENTED_EDGE('',*,*,#4272,.F.);
#4272 = EDGE_CURVE('',#4256,#4214,#4273,.T.);
#4273 = LINE('',#4274,#4275);
#4274 = CARTESIAN_POINT('',(108.20654,125.0442,0.E+000));
#4275 = VECTOR('',#4276,1.);
#4276 = DIRECTION('',(-1.,0.E+000,0.E+000));
#4277 = PLANE('',#4278);
#4278 = AXIS2_PLACEMENT_3D('',#4279,#4280,#4281);
#4279 = CARTESIAN_POINT('',(108.20654,125.0442,0.E+000));
#4280 = DIRECTION('',(0.E+000,-1.,0.E+000));
#4281 = DIRECTION('',(-1.,0.E+000,0.E+000));
#4282 = ADVANCED_FACE('',(#4283),#4310,.F.);
#4283 = FACE_BOUND('',#4284,.T.);
#4284 = EDGE_LOOP('',(#4285,#4295,#4302,#4303));
#4285 = ORIENTED_EDGE('',*,*,#4286,.T.);
#4286 = EDGE_CURVE('',#4287,#4289,#4291,.T.);
#4287 = VERTEX_POINT('',#4288);
#4288 = CARTESIAN_POINT('',(108.20654,124.1298,0.E+000));
#4289 = VERTEX_POINT('',#4290);
#4290 = CARTESIAN_POINT('',(108.20654,124.1298,0.41148));
#4291 = LINE('',#4292,#4293);
#4292 = CARTESIAN_POINT('',(108.20654,124.1298,0.E+000));
#4293 = VECTOR('',#4294,1.);
#4294 = DIRECTION('',(0.E+000,0.E+000,1.));
#4295 = ORIENTED_EDGE('',*,*,#4296,.T.);
#4296 = EDGE_CURVE('',#4289,#4258,#4297,.T.);
#4297 = CIRCLE('',#4298,0.4572);
#4298 = AXIS2_PLACEMENT_3D('',#4299,#4300,#4301);
#4299 = CARTESIAN_POINT('',(108.20654,124.587,0.41148));
#4300 = DIRECTION('',(0.E+000,0.E+000,1.));
#4301 = DIRECTION('',(-0.E+000,-1.,0.E+000));
#4302 = ORIENTED_EDGE('',*,*,#4255,.F.);
#4303 = ORIENTED_EDGE('',*,*,#4304,.F.);
#4304 = EDGE_CURVE('',#4287,#4256,#4305,.T.);
#4305 = CIRCLE('',#4306,0.4572);
#4306 = AXIS2_PLACEMENT_3D('',#4307,#4308,#4309);
#4307 = CARTESIAN_POINT('',(108.20654,124.587,0.E+000));
#4308 = DIRECTION('',(0.E+000,0.E+000,1.));
#4309 = DIRECTION('',(-0.E+000,-1.,0.E+000));
#4310 = CYLINDRICAL_SURFACE('',#4311,0.4572);
#4311 = AXIS2_PLACEMENT_3D('',#4312,#4313,#4314);
#4312 = CARTESIAN_POINT('',(108.20654,124.587,0.E+000));
#4313 = DIRECTION('',(-0.E+000,-0.E+000,-1.));
#4314 = DIRECTION('',(-0.E+000,-1.,0.E+000));
#4315 = ADVANCED_FACE('',(#4316),#4332,.T.);
#4316 = FACE_BOUND('',#4317,.T.);
#4317 = EDGE_LOOP('',(#4318,#4319,#4325,#4326));
#4318 = ORIENTED_EDGE('',*,*,#4232,.T.);
#4319 = ORIENTED_EDGE('',*,*,#4320,.T.);
#4320 = EDGE_CURVE('',#4224,#4289,#4321,.T.);
#4321 = LINE('',#4322,#4323);
#4322 = CARTESIAN_POINT('',(108.20146,124.1298,0.41148));
#4323 = VECTOR('',#4324,1.);
#4324 = DIRECTION('',(1.,0.E+000,0.E+000));
#4325 = ORIENTED_EDGE('',*,*,#4286,.F.);
#4326 = ORIENTED_EDGE('',*,*,#4327,.F.);
#4327 = EDGE_CURVE('',#4233,#4287,#4328,.T.);
#4328 = LINE('',#4329,#4330);
#4329 = CARTESIAN_POINT('',(108.20146,124.1298,0.E+000));
#4330 = VECTOR('',#4331,1.);
#4331 = DIRECTION('',(1.,0.E+000,0.E+000));
#4332 = PLANE('',#4333);
#4333 = AXIS2_PLACEMENT_3D('',#4334,#4335,#4336);
#4334 = CARTESIAN_POINT('',(108.20146,124.1298,0.E+000));
#4335 = DIRECTION('',(0.E+000,1.,0.E+000));
#4336 = DIRECTION('',(1.,0.E+000,0.E+000));
#4337 = ADVANCED_FACE('',(#4338),#4374,.F.);
#4338 = FACE_BOUND('',#4339,.T.);
#4339 = EDGE_LOOP('',(#4340,#4350,#4359,#4367));
#4340 = ORIENTED_EDGE('',*,*,#4341,.T.);
#4341 = EDGE_CURVE('',#4342,#4344,#4346,.T.);
#4342 = VERTEX_POINT('',#4343);
#4343 = CARTESIAN_POINT('',(108.20146,127.4572,0.E+000));
#4344 = VERTEX_POINT('',#4345);
#4345 = CARTESIAN_POINT('',(108.20146,127.4572,0.41148));
#4346 = LINE('',#4347,#4348);
#4347 = CARTESIAN_POINT('',(108.20146,127.4572,0.E+000));
#4348 = VECTOR('',#4349,1.);
#4349 = DIRECTION('',(0.E+000,0.E+000,1.));
#4350 = ORIENTED_EDGE('',*,*,#4351,.T.);
#4351 = EDGE_CURVE('',#4344,#4352,#4354,.T.);
#4352 = VERTEX_POINT('',#4353);
#4353 = CARTESIAN_POINT('',(108.20146,126.5428,0.41148));
#4354 = CIRCLE('',#4355,0.4572);
#4355 = AXIS2_PLACEMENT_3D('',#4356,#4357,#4358);
#4356 = CARTESIAN_POINT('',(108.20146,127.,0.41148));
#4357 = DIRECTION('',(0.E+000,-0.E+000,1.));
#4358 = DIRECTION('',(0.E+000,1.,0.E+000));
#4359 = ORIENTED_EDGE('',*,*,#4360,.F.);
#4360 = EDGE_CURVE('',#4361,#4352,#4363,.T.);
#4361 = VERTEX_POINT('',#4362);
#4362 = CARTESIAN_POINT('',(108.20146,126.5428,0.E+000));
#4363 = LINE('',#4364,#4365);
#4364 = CARTESIAN_POINT('',(108.20146,126.5428,0.E+000));
#4365 = VECTOR('',#4366,1.);
#4366 = DIRECTION('',(0.E+000,0.E+000,1.));
#4367 = ORIENTED_EDGE('',*,*,#4368,.F.);
#4368 = EDGE_CURVE('',#4342,#4361,#4369,.T.);
#4369 = CIRCLE('',#4370,0.4572);
#4370 = AXIS2_PLACEMENT_3D('',#4371,#4372,#4373);
#4371 = CARTESIAN_POINT('',(108.20146,127.,0.E+000));
#4372 = DIRECTION('',(0.E+000,-0.E+000,1.));
#4373 = DIRECTION('',(0.E+000,1.,0.E+000));
#4374 = CYLINDRICAL_SURFACE('',#4375,0.4572);
#4375 = AXIS2_PLACEMENT_3D('',#4376,#4377,#4378);
#4376 = CARTESIAN_POINT('',(108.20146,127.,0.E+000));
#4377 = DIRECTION('',(-0.E+000,0.E+000,-1.));
#4378 = DIRECTION('',(0.E+000,1.,0.E+000));
#4379 = ADVANCED_FACE('',(#4380),#4405,.T.);
#4380 = FACE_BOUND('',#4381,.T.);
#4381 = EDGE_LOOP('',(#4382,#4392,#4398,#4399));
#4382 = ORIENTED_EDGE('',*,*,#4383,.T.);
#4383 = EDGE_CURVE('',#4384,#4386,#4388,.T.);
#4384 = VERTEX_POINT('',#4385);
#4385 = CARTESIAN_POINT('',(108.20654,127.4572,0.E+000));
#4386 = VERTEX_POINT('',#4387);
#4387 = CARTESIAN_POINT('',(108.20654,127.4572,0.41148));
#4388 = LINE('',#4389,#4390);
#4389 = CARTESIAN_POINT('',(108.20654,127.4572,0.E+000));
#4390 = VECTOR('',#4391,1.);
#4391 = DIRECTION('',(0.E+000,0.E+000,1.));
#4392 = ORIENTED_EDGE('',*,*,#4393,.T.);
#4393 = EDGE_CURVE('',#4386,#4344,#4394,.T.);
#4394 = LINE('',#4395,#4396);
#4395 = CARTESIAN_POINT('',(108.20654,127.4572,0.41148));
#4396 = VECTOR('',#4397,1.);
#4397 = DIRECTION('',(-1.,0.E+000,0.E+000));
#4398 = ORIENTED_EDGE('',*,*,#4341,.F.);
#4399 = ORIENTED_EDGE('',*,*,#4400,.F.);
#4400 = EDGE_CURVE('',#4384,#4342,#4401,.T.);
#4401 = LINE('',#4402,#4403);
#4402 = CARTESIAN_POINT('',(108.20654,127.4572,0.E+000));
#4403 = VECTOR('',#4404,1.);
#4404 = DIRECTION('',(-1.,0.E+000,0.E+000));
#4405 = PLANE('',#4406);
#4406 = AXIS2_PLACEMENT_3D('',#4407,#4408,#4409);
#4407 = CARTESIAN_POINT('',(108.20654,127.4572,0.E+000));
#4408 = DIRECTION('',(0.E+000,-1.,0.E+000));
#4409 = DIRECTION('',(-1.,0.E+000,0.E+000));
#4410 = ADVANCED_FACE('',(#4411),#4438,.F.);
#4411 = FACE_BOUND('',#4412,.T.);
#4412 = EDGE_LOOP('',(#4413,#4423,#4430,#4431));
#4413 = ORIENTED_EDGE('',*,*,#4414,.T.);
#4414 = EDGE_CURVE('',#4415,#4417,#4419,.T.);
#4415 = VERTEX_POINT('',#4416);
#4416 = CARTESIAN_POINT('',(108.20654,126.5428,0.E+000));
#4417 = VERTEX_POINT('',#4418);
#4418 = CARTESIAN_POINT('',(108.20654,126.5428,0.41148));
#4419 = LINE('',#4420,#4421);
#4420 = CARTESIAN_POINT('',(108.20654,126.5428,0.E+000));
#4421 = VECTOR('',#4422,1.);
#4422 = DIRECTION('',(0.E+000,0.E+000,1.));
#4423 = ORIENTED_EDGE('',*,*,#4424,.T.);
#4424 = EDGE_CURVE('',#4417,#4386,#4425,.T.);
#4425 = CIRCLE('',#4426,0.4572);
#4426 = AXIS2_PLACEMENT_3D('',#4427,#4428,#4429);
#4427 = CARTESIAN_POINT('',(108.20654,127.,0.41148));
#4428 = DIRECTION('',(0.E+000,0.E+000,1.));
#4429 = DIRECTION('',(-0.E+000,-1.,0.E+000));
#4430 = ORIENTED_EDGE('',*,*,#4383,.F.);
#4431 = ORIENTED_EDGE('',*,*,#4432,.F.);
#4432 = EDGE_CURVE('',#4415,#4384,#4433,.T.);
#4433 = CIRCLE('',#4434,0.4572);
#4434 = AXIS2_PLACEMENT_3D('',#4435,#4436,#4437);
#4435 = CARTESIAN_POINT('',(108.20654,127.,0.E+000));
#4436 = DIRECTION('',(0.E+000,0.E+000,1.));
#4437 = DIRECTION('',(-0.E+000,-1.,0.E+000));
#4438 = CYLINDRICAL_SURFACE('',#4439,0.4572);
#4439 = AXIS2_PLACEMENT_3D('',#4440,#4441,#4442);
#4440 = CARTESIAN_POINT('',(108.20654,127.,0.E+000));
#4441 = DIRECTION('',(-0.E+000,-0.E+000,-1.));
#4442 = DIRECTION('',(-0.E+000,-1.,0.E+000));
#4443 = ADVANCED_FACE('',(#4444),#4460,.T.);
#4444 = FACE_BOUND('',#4445,.T.);
#4445 = EDGE_LOOP('',(#4446,#4447,#4453,#4454));
#4446 = ORIENTED_EDGE('',*,*,#4360,.T.);
#4447 = ORIENTED_EDGE('',*,*,#4448,.T.);
#4448 = EDGE_CURVE('',#4352,#4417,#4449,.T.);
#4449 = LINE('',#4450,#4451);
#4450 = CARTESIAN_POINT('',(108.20146,126.5428,0.41148));
#4451 = VECTOR('',#4452,1.);
#4452 = DIRECTION('',(1.,0.E+000,0.E+000));
#4453 = ORIENTED_EDGE('',*,*,#4414,.F.);
#4454 = ORIENTED_EDGE('',*,*,#4455,.F.);
#4455 = EDGE_CURVE('',#4361,#4415,#4456,.T.);
#4456 = LINE('',#4457,#4458);
#4457 = CARTESIAN_POINT('',(108.20146,126.5428,0.E+000));
#4458 = VECTOR('',#4459,1.);
#4459 = DIRECTION('',(1.,0.E+000,0.E+000));
#4460 = PLANE('',#4461);
#4461 = AXIS2_PLACEMENT_3D('',#4462,#4463,#4464);
#4462 = CARTESIAN_POINT('',(108.20146,126.5428,0.E+000));
#4463 = DIRECTION('',(0.E+000,1.,0.E+000));
#4464 = DIRECTION('',(1.,0.E+000,0.E+000));
#4465 = ADVANCED_FACE('',(#4466),#4493,.F.);
#4466 = FACE_BOUND('',#4467,.T.);
#4467 = EDGE_LOOP('',(#4468,#4478,#4485,#4486));
#4468 = ORIENTED_EDGE('',*,*,#4469,.T.);
#4469 = EDGE_CURVE('',#4470,#4472,#4474,.T.);
#4470 = VERTEX_POINT('',#4471);
#4471 = CARTESIAN_POINT('',(115.035,133.35,0.E+000));
#4472 = VERTEX_POINT('',#4473);
#4473 = CARTESIAN_POINT('',(115.035,133.35,0.41148));
#4474 = LINE('',#4475,#4476);
#4475 = CARTESIAN_POINT('',(115.035,133.35,0.E+000));
#4476 = VECTOR('',#4477,1.);
#4477 = DIRECTION('',(0.E+000,0.E+000,1.));
#4478 = ORIENTED_EDGE('',*,*,#4479,.T.);
#4479 = EDGE_CURVE('',#4472,#4472,#4480,.T.);
#4480 = CIRCLE('',#4481,1.6);
#4481 = AXIS2_PLACEMENT_3D('',#4482,#4483,#4484);
#4482 = CARTESIAN_POINT('',(113.435,133.35,0.41148));
#4483 = DIRECTION('',(0.E+000,0.E+000,1.));
#4484 = DIRECTION('',(1.,0.E+000,-0.E+000));
#4485 = ORIENTED_EDGE('',*,*,#4469,.F.);
#4486 = ORIENTED_EDGE('',*,*,#4487,.F.);
#4487 = EDGE_CURVE('',#4470,#4470,#4488,.T.);
#4488 = CIRCLE('',#4489,1.6);
#4489 = AXIS2_PLACEMENT_3D('',#4490,#4491,#4492);
#4490 = CARTESIAN_POINT('',(113.435,133.35,0.E+000));
#4491 = DIRECTION('',(0.E+000,0.E+000,1.));
#4492 = DIRECTION('',(1.,0.E+000,-0.E+000));
#4493 = CYLINDRICAL_SURFACE('',#4494,1.6);
#4494 = AXIS2_PLACEMENT_3D('',#4495,#4496,#4497);
#4495 = CARTESIAN_POINT('',(113.435,133.35,0.E+000));
#4496 = DIRECTION('',(-0.E+000,-0.E+000,-1.));
#4497 = DIRECTION('',(1.,0.E+000,-0.E+000));
#4498 = ADVANCED_FACE('',(#4499,#4505,#4508,#4511,#4514,#4517,#4520,
    #4523,#4526,#4529,#4532,#4535,#4538,#4541,#4544,#4547,#4553,#4559,
    #4562,#4565,#4568,#4571,#4574,#4577,#4580,#4583,#4586,#4589,#4592,
    #4595,#4598,#4601,#4604,#4607,#4610,#4613,#4616,#4619,#4622,#4625,
    #4628,#4631,#4634,#4637,#4640,#4643,#4646,#4649,#4652,#4655,#4658,
    #4661,#4664,#4667,#4673,#4676,#4682,#4685,#4688,#4691,#4694,#4697,
    #4700,#4706,#4712,#4718,#4724,#4730,#4733,#4736,#4739,#4742,#4745,
    #4748,#4751,#4754,#4757,#4760,#4763,#4766,#4772,#4775,#4778,#4781,
    #4787,#4793,#4799,#4805,#4811),#4814,.F.);
#4499 = FACE_BOUND('',#4500,.T.);
#4500 = EDGE_LOOP('',(#4501,#4502,#4503,#4504));
#4501 = ORIENTED_EDGE('',*,*,#75,.T.);
#4502 = ORIENTED_EDGE('',*,*,#106,.T.);
#4503 = ORIENTED_EDGE('',*,*,#137,.T.);
#4504 = ORIENTED_EDGE('',*,*,#159,.T.);
#4505 = FACE_BOUND('',#4506,.F.);
#4506 = EDGE_LOOP('',(#4507));
#4507 = ORIENTED_EDGE('',*,*,#191,.F.);
#4508 = FACE_BOUND('',#4509,.F.);
#4509 = EDGE_LOOP('',(#4510));
#4510 = ORIENTED_EDGE('',*,*,#224,.F.);
#4511 = FACE_BOUND('',#4512,.F.);
#4512 = EDGE_LOOP('',(#4513));
#4513 = ORIENTED_EDGE('',*,*,#257,.F.);
#4514 = FACE_BOUND('',#4515,.F.);
#4515 = EDGE_LOOP('',(#4516));
#4516 = ORIENTED_EDGE('',*,*,#290,.F.);
#4517 = FACE_BOUND('',#4518,.F.);
#4518 = EDGE_LOOP('',(#4519));
#4519 = ORIENTED_EDGE('',*,*,#323,.F.);
#4520 = FACE_BOUND('',#4521,.F.);
#4521 = EDGE_LOOP('',(#4522));
#4522 = ORIENTED_EDGE('',*,*,#356,.F.);
#4523 = FACE_BOUND('',#4524,.F.);
#4524 = EDGE_LOOP('',(#4525));
#4525 = ORIENTED_EDGE('',*,*,#389,.F.);
#4526 = FACE_BOUND('',#4527,.F.);
#4527 = EDGE_LOOP('',(#4528));
#4528 = ORIENTED_EDGE('',*,*,#422,.F.);
#4529 = FACE_BOUND('',#4530,.F.);
#4530 = EDGE_LOOP('',(#4531));
#4531 = ORIENTED_EDGE('',*,*,#455,.F.);
#4532 = FACE_BOUND('',#4533,.F.);
#4533 = EDGE_LOOP('',(#4534));
#4534 = ORIENTED_EDGE('',*,*,#488,.F.);
#4535 = FACE_BOUND('',#4536,.F.);
#4536 = EDGE_LOOP('',(#4537));
#4537 = ORIENTED_EDGE('',*,*,#521,.F.);
#4538 = FACE_BOUND('',#4539,.F.);
#4539 = EDGE_LOOP('',(#4540));
#4540 = ORIENTED_EDGE('',*,*,#554,.F.);
#4541 = FACE_BOUND('',#4542,.F.);
#4542 = EDGE_LOOP('',(#4543));
#4543 = ORIENTED_EDGE('',*,*,#587,.F.);
#4544 = FACE_BOUND('',#4545,.F.);
#4545 = EDGE_LOOP('',(#4546));
#4546 = ORIENTED_EDGE('',*,*,#620,.F.);
#4547 = FACE_BOUND('',#4548,.F.);
#4548 = EDGE_LOOP('',(#4549,#4550,#4551,#4552));
#4549 = ORIENTED_EDGE('',*,*,#662,.F.);
#4550 = ORIENTED_EDGE('',*,*,#694,.F.);
#4551 = ORIENTED_EDGE('',*,*,#726,.F.);
#4552 = ORIENTED_EDGE('',*,*,#749,.F.);
#4553 = FACE_BOUND('',#4554,.F.);
#4554 = EDGE_LOOP('',(#4555,#4556,#4557,#4558));
#4555 = ORIENTED_EDGE('',*,*,#790,.F.);
#4556 = ORIENTED_EDGE('',*,*,#822,.F.);
#4557 = ORIENTED_EDGE('',*,*,#854,.F.);
#4558 = ORIENTED_EDGE('',*,*,#877,.F.);
#4559 = FACE_BOUND('',#4560,.F.);
#4560 = EDGE_LOOP('',(#4561));
#4561 = ORIENTED_EDGE('',*,*,#909,.F.);
#4562 = FACE_BOUND('',#4563,.F.);
#4563 = EDGE_LOOP('',(#4564));
#4564 = ORIENTED_EDGE('',*,*,#942,.F.);
#4565 = FACE_BOUND('',#4566,.F.);
#4566 = EDGE_LOOP('',(#4567));
#4567 = ORIENTED_EDGE('',*,*,#975,.F.);
#4568 = FACE_BOUND('',#4569,.F.);
#4569 = EDGE_LOOP('',(#4570));
#4570 = ORIENTED_EDGE('',*,*,#1008,.F.);
#4571 = FACE_BOUND('',#4572,.F.);
#4572 = EDGE_LOOP('',(#4573));
#4573 = ORIENTED_EDGE('',*,*,#1041,.F.);
#4574 = FACE_BOUND('',#4575,.F.);
#4575 = EDGE_LOOP('',(#4576));
#4576 = ORIENTED_EDGE('',*,*,#1074,.F.);
#4577 = FACE_BOUND('',#4578,.F.);
#4578 = EDGE_LOOP('',(#4579));
#4579 = ORIENTED_EDGE('',*,*,#1107,.F.);
#4580 = FACE_BOUND('',#4581,.F.);
#4581 = EDGE_LOOP('',(#4582));
#4582 = ORIENTED_EDGE('',*,*,#1140,.F.);
#4583 = FACE_BOUND('',#4584,.F.);
#4584 = EDGE_LOOP('',(#4585));
#4585 = ORIENTED_EDGE('',*,*,#1173,.F.);
#4586 = FACE_BOUND('',#4587,.F.);
#4587 = EDGE_LOOP('',(#4588));
#4588 = ORIENTED_EDGE('',*,*,#1206,.F.);
#4589 = FACE_BOUND('',#4590,.F.);
#4590 = EDGE_LOOP('',(#4591));
#4591 = ORIENTED_EDGE('',*,*,#1239,.F.);
#4592 = FACE_BOUND('',#4593,.F.);
#4593 = EDGE_LOOP('',(#4594));
#4594 = ORIENTED_EDGE('',*,*,#1272,.F.);
#4595 = FACE_BOUND('',#4596,.F.);
#4596 = EDGE_LOOP('',(#4597));
#4597 = ORIENTED_EDGE('',*,*,#1305,.F.);
#4598 = FACE_BOUND('',#4599,.F.);
#4599 = EDGE_LOOP('',(#4600));
#4600 = ORIENTED_EDGE('',*,*,#1338,.F.);
#4601 = FACE_BOUND('',#4602,.F.);
#4602 = EDGE_LOOP('',(#4603));
#4603 = ORIENTED_EDGE('',*,*,#1371,.F.);
#4604 = FACE_BOUND('',#4605,.F.);
#4605 = EDGE_LOOP('',(#4606));
#4606 = ORIENTED_EDGE('',*,*,#1404,.F.);
#4607 = FACE_BOUND('',#4608,.F.);
#4608 = EDGE_LOOP('',(#4609));
#4609 = ORIENTED_EDGE('',*,*,#1437,.F.);
#4610 = FACE_BOUND('',#4611,.F.);
#4611 = EDGE_LOOP('',(#4612));
#4612 = ORIENTED_EDGE('',*,*,#1470,.F.);
#4613 = FACE_BOUND('',#4614,.F.);
#4614 = EDGE_LOOP('',(#4615));
#4615 = ORIENTED_EDGE('',*,*,#1503,.F.);
#4616 = FACE_BOUND('',#4617,.F.);
#4617 = EDGE_LOOP('',(#4618));
#4618 = ORIENTED_EDGE('',*,*,#1536,.F.);
#4619 = FACE_BOUND('',#4620,.F.);
#4620 = EDGE_LOOP('',(#4621));
#4621 = ORIENTED_EDGE('',*,*,#1569,.F.);
#4622 = FACE_BOUND('',#4623,.F.);
#4623 = EDGE_LOOP('',(#4624));
#4624 = ORIENTED_EDGE('',*,*,#1602,.F.);
#4625 = FACE_BOUND('',#4626,.F.);
#4626 = EDGE_LOOP('',(#4627));
#4627 = ORIENTED_EDGE('',*,*,#1635,.F.);
#4628 = FACE_BOUND('',#4629,.F.);
#4629 = EDGE_LOOP('',(#4630));
#4630 = ORIENTED_EDGE('',*,*,#1668,.F.);
#4631 = FACE_BOUND('',#4632,.F.);
#4632 = EDGE_LOOP('',(#4633));
#4633 = ORIENTED_EDGE('',*,*,#1701,.F.);
#4634 = FACE_BOUND('',#4635,.F.);
#4635 = EDGE_LOOP('',(#4636));
#4636 = ORIENTED_EDGE('',*,*,#1734,.F.);
#4637 = FACE_BOUND('',#4638,.F.);
#4638 = EDGE_LOOP('',(#4639));
#4639 = ORIENTED_EDGE('',*,*,#1767,.F.);
#4640 = FACE_BOUND('',#4641,.F.);
#4641 = EDGE_LOOP('',(#4642));
#4642 = ORIENTED_EDGE('',*,*,#1800,.F.);
#4643 = FACE_BOUND('',#4644,.F.);
#4644 = EDGE_LOOP('',(#4645));
#4645 = ORIENTED_EDGE('',*,*,#1833,.F.);
#4646 = FACE_BOUND('',#4647,.F.);
#4647 = EDGE_LOOP('',(#4648));
#4648 = ORIENTED_EDGE('',*,*,#1866,.F.);
#4649 = FACE_BOUND('',#4650,.F.);
#4650 = EDGE_LOOP('',(#4651));
#4651 = ORIENTED_EDGE('',*,*,#1899,.F.);
#4652 = FACE_BOUND('',#4653,.F.);
#4653 = EDGE_LOOP('',(#4654));
#4654 = ORIENTED_EDGE('',*,*,#1932,.F.);
#4655 = FACE_BOUND('',#4656,.F.);
#4656 = EDGE_LOOP('',(#4657));
#4657 = ORIENTED_EDGE('',*,*,#1965,.F.);
#4658 = FACE_BOUND('',#4659,.F.);
#4659 = EDGE_LOOP('',(#4660));
#4660 = ORIENTED_EDGE('',*,*,#1998,.F.);
#4661 = FACE_BOUND('',#4662,.F.);
#4662 = EDGE_LOOP('',(#4663));
#4663 = ORIENTED_EDGE('',*,*,#2031,.F.);
#4664 = FACE_BOUND('',#4665,.F.);
#4665 = EDGE_LOOP('',(#4666));
#4666 = ORIENTED_EDGE('',*,*,#2064,.F.);
#4667 = FACE_BOUND('',#4668,.F.);
#4668 = EDGE_LOOP('',(#4669,#4670,#4671,#4672));
#4669 = ORIENTED_EDGE('',*,*,#2106,.F.);
#4670 = ORIENTED_EDGE('',*,*,#2138,.F.);
#4671 = ORIENTED_EDGE('',*,*,#2170,.F.);
#4672 = ORIENTED_EDGE('',*,*,#2193,.F.);
#4673 = FACE_BOUND('',#4674,.F.);
#4674 = EDGE_LOOP('',(#4675));
#4675 = ORIENTED_EDGE('',*,*,#2225,.F.);
#4676 = FACE_BOUND('',#4677,.F.);
#4677 = EDGE_LOOP('',(#4678,#4679,#4680,#4681));
#4678 = ORIENTED_EDGE('',*,*,#2267,.F.);
#4679 = ORIENTED_EDGE('',*,*,#2299,.F.);
#4680 = ORIENTED_EDGE('',*,*,#2331,.F.);
#4681 = ORIENTED_EDGE('',*,*,#2354,.F.);
#4682 = FACE_BOUND('',#4683,.F.);
#4683 = EDGE_LOOP('',(#4684));
#4684 = ORIENTED_EDGE('',*,*,#2386,.F.);
#4685 = FACE_BOUND('',#4686,.F.);
#4686 = EDGE_LOOP('',(#4687));
#4687 = ORIENTED_EDGE('',*,*,#2419,.F.);
#4688 = FACE_BOUND('',#4689,.F.);
#4689 = EDGE_LOOP('',(#4690));
#4690 = ORIENTED_EDGE('',*,*,#2452,.F.);
#4691 = FACE_BOUND('',#4692,.F.);
#4692 = EDGE_LOOP('',(#4693));
#4693 = ORIENTED_EDGE('',*,*,#2485,.F.);
#4694 = FACE_BOUND('',#4695,.F.);
#4695 = EDGE_LOOP('',(#4696));
#4696 = ORIENTED_EDGE('',*,*,#2518,.F.);
#4697 = FACE_BOUND('',#4698,.F.);
#4698 = EDGE_LOOP('',(#4699));
#4699 = ORIENTED_EDGE('',*,*,#2551,.F.);
#4700 = FACE_BOUND('',#4701,.F.);
#4701 = EDGE_LOOP('',(#4702,#4703,#4704,#4705));
#4702 = ORIENTED_EDGE('',*,*,#2593,.F.);
#4703 = ORIENTED_EDGE('',*,*,#2625,.F.);
#4704 = ORIENTED_EDGE('',*,*,#2657,.F.);
#4705 = ORIENTED_EDGE('',*,*,#2680,.F.);
#4706 = FACE_BOUND('',#4707,.F.);
#4707 = EDGE_LOOP('',(#4708,#4709,#4710,#4711));
#4708 = ORIENTED_EDGE('',*,*,#2721,.F.);
#4709 = ORIENTED_EDGE('',*,*,#2753,.F.);
#4710 = ORIENTED_EDGE('',*,*,#2785,.F.);
#4711 = ORIENTED_EDGE('',*,*,#2808,.F.);
#4712 = FACE_BOUND('',#4713,.F.);
#4713 = EDGE_LOOP('',(#4714,#4715,#4716,#4717));
#4714 = ORIENTED_EDGE('',*,*,#2849,.F.);
#4715 = ORIENTED_EDGE('',*,*,#2881,.F.);
#4716 = ORIENTED_EDGE('',*,*,#2913,.F.);
#4717 = ORIENTED_EDGE('',*,*,#2936,.F.);
#4718 = FACE_BOUND('',#4719,.F.);
#4719 = EDGE_LOOP('',(#4720,#4721,#4722,#4723));
#4720 = ORIENTED_EDGE('',*,*,#2977,.F.);
#4721 = ORIENTED_EDGE('',*,*,#3009,.F.);
#4722 = ORIENTED_EDGE('',*,*,#3041,.F.);
#4723 = ORIENTED_EDGE('',*,*,#3064,.F.);
#4724 = FACE_BOUND('',#4725,.F.);
#4725 = EDGE_LOOP('',(#4726,#4727,#4728,#4729));
#4726 = ORIENTED_EDGE('',*,*,#3105,.F.);
#4727 = ORIENTED_EDGE('',*,*,#3137,.F.);
#4728 = ORIENTED_EDGE('',*,*,#3169,.F.);
#4729 = ORIENTED_EDGE('',*,*,#3192,.F.);
#4730 = FACE_BOUND('',#4731,.F.);
#4731 = EDGE_LOOP('',(#4732));
#4732 = ORIENTED_EDGE('',*,*,#3224,.F.);
#4733 = FACE_BOUND('',#4734,.F.);
#4734 = EDGE_LOOP('',(#4735));
#4735 = ORIENTED_EDGE('',*,*,#3257,.F.);
#4736 = FACE_BOUND('',#4737,.F.);
#4737 = EDGE_LOOP('',(#4738));
#4738 = ORIENTED_EDGE('',*,*,#3290,.F.);
#4739 = FACE_BOUND('',#4740,.F.);
#4740 = EDGE_LOOP('',(#4741));
#4741 = ORIENTED_EDGE('',*,*,#3323,.F.);
#4742 = FACE_BOUND('',#4743,.F.);
#4743 = EDGE_LOOP('',(#4744));
#4744 = ORIENTED_EDGE('',*,*,#3356,.F.);
#4745 = FACE_BOUND('',#4746,.F.);
#4746 = EDGE_LOOP('',(#4747));
#4747 = ORIENTED_EDGE('',*,*,#3389,.F.);
#4748 = FACE_BOUND('',#4749,.F.);
#4749 = EDGE_LOOP('',(#4750));
#4750 = ORIENTED_EDGE('',*,*,#3422,.F.);
#4751 = FACE_BOUND('',#4752,.F.);
#4752 = EDGE_LOOP('',(#4753));
#4753 = ORIENTED_EDGE('',*,*,#3455,.F.);
#4754 = FACE_BOUND('',#4755,.F.);
#4755 = EDGE_LOOP('',(#4756));
#4756 = ORIENTED_EDGE('',*,*,#3488,.F.);
#4757 = FACE_BOUND('',#4758,.F.);
#4758 = EDGE_LOOP('',(#4759));
#4759 = ORIENTED_EDGE('',*,*,#3521,.F.);
#4760 = FACE_BOUND('',#4761,.F.);
#4761 = EDGE_LOOP('',(#4762));
#4762 = ORIENTED_EDGE('',*,*,#3554,.F.);
#4763 = FACE_BOUND('',#4764,.F.);
#4764 = EDGE_LOOP('',(#4765));
#4765 = ORIENTED_EDGE('',*,*,#3587,.F.);
#4766 = FACE_BOUND('',#4767,.F.);
#4767 = EDGE_LOOP('',(#4768,#4769,#4770,#4771));
#4768 = ORIENTED_EDGE('',*,*,#3629,.F.);
#4769 = ORIENTED_EDGE('',*,*,#3661,.F.);
#4770 = ORIENTED_EDGE('',*,*,#3693,.F.);
#4771 = ORIENTED_EDGE('',*,*,#3716,.F.);
#4772 = FACE_BOUND('',#4773,.F.);
#4773 = EDGE_LOOP('',(#4774));
#4774 = ORIENTED_EDGE('',*,*,#3748,.F.);
#4775 = FACE_BOUND('',#4776,.F.);
#4776 = EDGE_LOOP('',(#4777));
#4777 = ORIENTED_EDGE('',*,*,#3781,.F.);
#4778 = FACE_BOUND('',#4779,.F.);
#4779 = EDGE_LOOP('',(#4780));
#4780 = ORIENTED_EDGE('',*,*,#3814,.F.);
#4781 = FACE_BOUND('',#4782,.F.);
#4782 = EDGE_LOOP('',(#4783,#4784,#4785,#4786));
#4783 = ORIENTED_EDGE('',*,*,#3856,.F.);
#4784 = ORIENTED_EDGE('',*,*,#3888,.F.);
#4785 = ORIENTED_EDGE('',*,*,#3920,.F.);
#4786 = ORIENTED_EDGE('',*,*,#3943,.F.);
#4787 = FACE_BOUND('',#4788,.F.);
#4788 = EDGE_LOOP('',(#4789,#4790,#4791,#4792));
#4789 = ORIENTED_EDGE('',*,*,#3984,.F.);
#4790 = ORIENTED_EDGE('',*,*,#4016,.F.);
#4791 = ORIENTED_EDGE('',*,*,#4048,.F.);
#4792 = ORIENTED_EDGE('',*,*,#4071,.F.);
#4793 = FACE_BOUND('',#4794,.F.);
#4794 = EDGE_LOOP('',(#4795,#4796,#4797,#4798));
#4795 = ORIENTED_EDGE('',*,*,#4112,.F.);
#4796 = ORIENTED_EDGE('',*,*,#4144,.F.);
#4797 = ORIENTED_EDGE('',*,*,#4176,.F.);
#4798 = ORIENTED_EDGE('',*,*,#4199,.F.);
#4799 = FACE_BOUND('',#4800,.F.);
#4800 = EDGE_LOOP('',(#4801,#4802,#4803,#4804));
#4801 = ORIENTED_EDGE('',*,*,#4240,.F.);
#4802 = ORIENTED_EDGE('',*,*,#4272,.F.);
#4803 = ORIENTED_EDGE('',*,*,#4304,.F.);
#4804 = ORIENTED_EDGE('',*,*,#4327,.F.);
#4805 = FACE_BOUND('',#4806,.F.);
#4806 = EDGE_LOOP('',(#4807,#4808,#4809,#4810));
#4807 = ORIENTED_EDGE('',*,*,#4368,.F.);
#4808 = ORIENTED_EDGE('',*,*,#4400,.F.);
#4809 = ORIENTED_EDGE('',*,*,#4432,.F.);
#4810 = ORIENTED_EDGE('',*,*,#4455,.F.);
#4811 = FACE_BOUND('',#4812,.F.);
#4812 = EDGE_LOOP('',(#4813));
#4813 = ORIENTED_EDGE('',*,*,#4487,.F.);
#4814 = PLANE('',#4815);
#4815 = AXIS2_PLACEMENT_3D('',#4816,#4817,#4818);
#4816 = CARTESIAN_POINT('',(139.4459991455,25.39999961853,0.E+000));
#4817 = DIRECTION('',(0.E+000,0.E+000,1.));
#4818 = DIRECTION('',(1.,0.E+000,-0.E+000));
#4819 = ADVANCED_FACE('',(#4820,#4826,#4829,#4832,#4835,#4838,#4841,
    #4844,#4847,#4850,#4853,#4856,#4859,#4862,#4865,#4868,#4874,#4880,
    #4883,#4886,#4889,#4892,#4895,#4898,#4901,#4904,#4907,#4910,#4913,
    #4916,#4919,#4922,#4925,#4928,#4931,#4934,#4937,#4940,#4943,#4946,
    #4949,#4952,#4955,#4958,#4961,#4964,#4967,#4970,#4973,#4976,#4979,
    #4982,#4985,#4988,#4994,#4997,#5003,#5006,#5009,#5012,#5015,#5018,
    #5021,#5027,#5033,#5039,#5045,#5051,#5054,#5057,#5060,#5063,#5066,
    #5069,#5072,#5075,#5078,#5081,#5084,#5087,#5093,#5096,#5099,#5102,
    #5108,#5114,#5120,#5126,#5132),#5135,.T.);
#4820 = FACE_BOUND('',#4821,.F.);
#4821 = EDGE_LOOP('',(#4822,#4823,#4824,#4825));
#4822 = ORIENTED_EDGE('',*,*,#59,.T.);
#4823 = ORIENTED_EDGE('',*,*,#90,.T.);
#4824 = ORIENTED_EDGE('',*,*,#121,.T.);
#4825 = ORIENTED_EDGE('',*,*,#152,.T.);
#4826 = FACE_BOUND('',#4827,.T.);
#4827 = EDGE_LOOP('',(#4828));
#4828 = ORIENTED_EDGE('',*,*,#183,.F.);
#4829 = FACE_BOUND('',#4830,.T.);
#4830 = EDGE_LOOP('',(#4831));
#4831 = ORIENTED_EDGE('',*,*,#216,.F.);
#4832 = FACE_BOUND('',#4833,.T.);
#4833 = EDGE_LOOP('',(#4834));
#4834 = ORIENTED_EDGE('',*,*,#249,.F.);
#4835 = FACE_BOUND('',#4836,.T.);
#4836 = EDGE_LOOP('',(#4837));
#4837 = ORIENTED_EDGE('',*,*,#282,.F.);
#4838 = FACE_BOUND('',#4839,.T.);
#4839 = EDGE_LOOP('',(#4840));
#4840 = ORIENTED_EDGE('',*,*,#315,.F.);
#4841 = FACE_BOUND('',#4842,.T.);
#4842 = EDGE_LOOP('',(#4843));
#4843 = ORIENTED_EDGE('',*,*,#348,.F.);
#4844 = FACE_BOUND('',#4845,.T.);
#4845 = EDGE_LOOP('',(#4846));
#4846 = ORIENTED_EDGE('',*,*,#381,.F.);
#4847 = FACE_BOUND('',#4848,.T.);
#4848 = EDGE_LOOP('',(#4849));
#4849 = ORIENTED_EDGE('',*,*,#414,.F.);
#4850 = FACE_BOUND('',#4851,.T.);
#4851 = EDGE_LOOP('',(#4852));
#4852 = ORIENTED_EDGE('',*,*,#447,.F.);
#4853 = FACE_BOUND('',#4854,.T.);
#4854 = EDGE_LOOP('',(#4855));
#4855 = ORIENTED_EDGE('',*,*,#480,.F.);
#4856 = FACE_BOUND('',#4857,.T.);
#4857 = EDGE_LOOP('',(#4858));
#4858 = ORIENTED_EDGE('',*,*,#513,.F.);
#4859 = FACE_BOUND('',#4860,.T.);
#4860 = EDGE_LOOP('',(#4861));
#4861 = ORIENTED_EDGE('',*,*,#546,.F.);
#4862 = FACE_BOUND('',#4863,.T.);
#4863 = EDGE_LOOP('',(#4864));
#4864 = ORIENTED_EDGE('',*,*,#579,.F.);
#4865 = FACE_BOUND('',#4866,.T.);
#4866 = EDGE_LOOP('',(#4867));
#4867 = ORIENTED_EDGE('',*,*,#612,.F.);
#4868 = FACE_BOUND('',#4869,.T.);
#4869 = EDGE_LOOP('',(#4870,#4871,#4872,#4873));
#4870 = ORIENTED_EDGE('',*,*,#645,.F.);
#4871 = ORIENTED_EDGE('',*,*,#687,.F.);
#4872 = ORIENTED_EDGE('',*,*,#718,.F.);
#4873 = ORIENTED_EDGE('',*,*,#742,.F.);
#4874 = FACE_BOUND('',#4875,.T.);
#4875 = EDGE_LOOP('',(#4876,#4877,#4878,#4879));
#4876 = ORIENTED_EDGE('',*,*,#773,.F.);
#4877 = ORIENTED_EDGE('',*,*,#815,.F.);
#4878 = ORIENTED_EDGE('',*,*,#846,.F.);
#4879 = ORIENTED_EDGE('',*,*,#870,.F.);
#4880 = FACE_BOUND('',#4881,.T.);
#4881 = EDGE_LOOP('',(#4882));
#4882 = ORIENTED_EDGE('',*,*,#901,.F.);
#4883 = FACE_BOUND('',#4884,.T.);
#4884 = EDGE_LOOP('',(#4885));
#4885 = ORIENTED_EDGE('',*,*,#934,.F.);
#4886 = FACE_BOUND('',#4887,.T.);
#4887 = EDGE_LOOP('',(#4888));
#4888 = ORIENTED_EDGE('',*,*,#967,.F.);
#4889 = FACE_BOUND('',#4890,.T.);
#4890 = EDGE_LOOP('',(#4891));
#4891 = ORIENTED_EDGE('',*,*,#1000,.F.);
#4892 = FACE_BOUND('',#4893,.T.);
#4893 = EDGE_LOOP('',(#4894));
#4894 = ORIENTED_EDGE('',*,*,#1033,.F.);
#4895 = FACE_BOUND('',#4896,.T.);
#4896 = EDGE_LOOP('',(#4897));
#4897 = ORIENTED_EDGE('',*,*,#1066,.F.);
#4898 = FACE_BOUND('',#4899,.T.);
#4899 = EDGE_LOOP('',(#4900));
#4900 = ORIENTED_EDGE('',*,*,#1099,.F.);
#4901 = FACE_BOUND('',#4902,.T.);
#4902 = EDGE_LOOP('',(#4903));
#4903 = ORIENTED_EDGE('',*,*,#1132,.F.);
#4904 = FACE_BOUND('',#4905,.T.);
#4905 = EDGE_LOOP('',(#4906));
#4906 = ORIENTED_EDGE('',*,*,#1165,.F.);
#4907 = FACE_BOUND('',#4908,.T.);
#4908 = EDGE_LOOP('',(#4909));
#4909 = ORIENTED_EDGE('',*,*,#1198,.F.);
#4910 = FACE_BOUND('',#4911,.T.);
#4911 = EDGE_LOOP('',(#4912));
#4912 = ORIENTED_EDGE('',*,*,#1231,.F.);
#4913 = FACE_BOUND('',#4914,.T.);
#4914 = EDGE_LOOP('',(#4915));
#4915 = ORIENTED_EDGE('',*,*,#1264,.F.);
#4916 = FACE_BOUND('',#4917,.T.);
#4917 = EDGE_LOOP('',(#4918));
#4918 = ORIENTED_EDGE('',*,*,#1297,.F.);
#4919 = FACE_BOUND('',#4920,.T.);
#4920 = EDGE_LOOP('',(#4921));
#4921 = ORIENTED_EDGE('',*,*,#1330,.F.);
#4922 = FACE_BOUND('',#4923,.T.);
#4923 = EDGE_LOOP('',(#4924));
#4924 = ORIENTED_EDGE('',*,*,#1363,.F.);
#4925 = FACE_BOUND('',#4926,.T.);
#4926 = EDGE_LOOP('',(#4927));
#4927 = ORIENTED_EDGE('',*,*,#1396,.F.);
#4928 = FACE_BOUND('',#4929,.T.);
#4929 = EDGE_LOOP('',(#4930));
#4930 = ORIENTED_EDGE('',*,*,#1429,.F.);
#4931 = FACE_BOUND('',#4932,.T.);
#4932 = EDGE_LOOP('',(#4933));
#4933 = ORIENTED_EDGE('',*,*,#1462,.F.);
#4934 = FACE_BOUND('',#4935,.T.);
#4935 = EDGE_LOOP('',(#4936));
#4936 = ORIENTED_EDGE('',*,*,#1495,.F.);
#4937 = FACE_BOUND('',#4938,.T.);
#4938 = EDGE_LOOP('',(#4939));
#4939 = ORIENTED_EDGE('',*,*,#1528,.F.);
#4940 = FACE_BOUND('',#4941,.T.);
#4941 = EDGE_LOOP('',(#4942));
#4942 = ORIENTED_EDGE('',*,*,#1561,.F.);
#4943 = FACE_BOUND('',#4944,.T.);
#4944 = EDGE_LOOP('',(#4945));
#4945 = ORIENTED_EDGE('',*,*,#1594,.F.);
#4946 = FACE_BOUND('',#4947,.T.);
#4947 = EDGE_LOOP('',(#4948));
#4948 = ORIENTED_EDGE('',*,*,#1627,.F.);
#4949 = FACE_BOUND('',#4950,.T.);
#4950 = EDGE_LOOP('',(#4951));
#4951 = ORIENTED_EDGE('',*,*,#1660,.F.);
#4952 = FACE_BOUND('',#4953,.T.);
#4953 = EDGE_LOOP('',(#4954));
#4954 = ORIENTED_EDGE('',*,*,#1693,.F.);
#4955 = FACE_BOUND('',#4956,.T.);
#4956 = EDGE_LOOP('',(#4957));
#4957 = ORIENTED_EDGE('',*,*,#1726,.F.);
#4958 = FACE_BOUND('',#4959,.T.);
#4959 = EDGE_LOOP('',(#4960));
#4960 = ORIENTED_EDGE('',*,*,#1759,.F.);
#4961 = FACE_BOUND('',#4962,.T.);
#4962 = EDGE_LOOP('',(#4963));
#4963 = ORIENTED_EDGE('',*,*,#1792,.F.);
#4964 = FACE_BOUND('',#4965,.T.);
#4965 = EDGE_LOOP('',(#4966));
#4966 = ORIENTED_EDGE('',*,*,#1825,.F.);
#4967 = FACE_BOUND('',#4968,.T.);
#4968 = EDGE_LOOP('',(#4969));
#4969 = ORIENTED_EDGE('',*,*,#1858,.F.);
#4970 = FACE_BOUND('',#4971,.T.);
#4971 = EDGE_LOOP('',(#4972));
#4972 = ORIENTED_EDGE('',*,*,#1891,.F.);
#4973 = FACE_BOUND('',#4974,.T.);
#4974 = EDGE_LOOP('',(#4975));
#4975 = ORIENTED_EDGE('',*,*,#1924,.F.);
#4976 = FACE_BOUND('',#4977,.T.);
#4977 = EDGE_LOOP('',(#4978));
#4978 = ORIENTED_EDGE('',*,*,#1957,.F.);
#4979 = FACE_BOUND('',#4980,.T.);
#4980 = EDGE_LOOP('',(#4981));
#4981 = ORIENTED_EDGE('',*,*,#1990,.F.);
#4982 = FACE_BOUND('',#4983,.T.);
#4983 = EDGE_LOOP('',(#4984));
#4984 = ORIENTED_EDGE('',*,*,#2023,.F.);
#4985 = FACE_BOUND('',#4986,.T.);
#4986 = EDGE_LOOP('',(#4987));
#4987 = ORIENTED_EDGE('',*,*,#2056,.F.);
#4988 = FACE_BOUND('',#4989,.T.);
#4989 = EDGE_LOOP('',(#4990,#4991,#4992,#4993));
#4990 = ORIENTED_EDGE('',*,*,#2089,.F.);
#4991 = ORIENTED_EDGE('',*,*,#2131,.F.);
#4992 = ORIENTED_EDGE('',*,*,#2162,.F.);
#4993 = ORIENTED_EDGE('',*,*,#2186,.F.);
#4994 = FACE_BOUND('',#4995,.T.);
#4995 = EDGE_LOOP('',(#4996));
#4996 = ORIENTED_EDGE('',*,*,#2217,.F.);
#4997 = FACE_BOUND('',#4998,.T.);
#4998 = EDGE_LOOP('',(#4999,#5000,#5001,#5002));
#4999 = ORIENTED_EDGE('',*,*,#2250,.F.);
#5000 = ORIENTED_EDGE('',*,*,#2292,.F.);
#5001 = ORIENTED_EDGE('',*,*,#2323,.F.);
#5002 = ORIENTED_EDGE('',*,*,#2347,.F.);
#5003 = FACE_BOUND('',#5004,.T.);
#5004 = EDGE_LOOP('',(#5005));
#5005 = ORIENTED_EDGE('',*,*,#2378,.F.);
#5006 = FACE_BOUND('',#5007,.T.);
#5007 = EDGE_LOOP('',(#5008));
#5008 = ORIENTED_EDGE('',*,*,#2411,.F.);
#5009 = FACE_BOUND('',#5010,.T.);
#5010 = EDGE_LOOP('',(#5011));
#5011 = ORIENTED_EDGE('',*,*,#2444,.F.);
#5012 = FACE_BOUND('',#5013,.T.);
#5013 = EDGE_LOOP('',(#5014));
#5014 = ORIENTED_EDGE('',*,*,#2477,.F.);
#5015 = FACE_BOUND('',#5016,.T.);
#5016 = EDGE_LOOP('',(#5017));
#5017 = ORIENTED_EDGE('',*,*,#2510,.F.);
#5018 = FACE_BOUND('',#5019,.T.);
#5019 = EDGE_LOOP('',(#5020));
#5020 = ORIENTED_EDGE('',*,*,#2543,.F.);
#5021 = FACE_BOUND('',#5022,.T.);
#5022 = EDGE_LOOP('',(#5023,#5024,#5025,#5026));
#5023 = ORIENTED_EDGE('',*,*,#2576,.F.);
#5024 = ORIENTED_EDGE('',*,*,#2618,.F.);
#5025 = ORIENTED_EDGE('',*,*,#2649,.F.);
#5026 = ORIENTED_EDGE('',*,*,#2673,.F.);
#5027 = FACE_BOUND('',#5028,.T.);
#5028 = EDGE_LOOP('',(#5029,#5030,#5031,#5032));
#5029 = ORIENTED_EDGE('',*,*,#2704,.F.);
#5030 = ORIENTED_EDGE('',*,*,#2746,.F.);
#5031 = ORIENTED_EDGE('',*,*,#2777,.F.);
#5032 = ORIENTED_EDGE('',*,*,#2801,.F.);
#5033 = FACE_BOUND('',#5034,.T.);
#5034 = EDGE_LOOP('',(#5035,#5036,#5037,#5038));
#5035 = ORIENTED_EDGE('',*,*,#2832,.F.);
#5036 = ORIENTED_EDGE('',*,*,#2874,.F.);
#5037 = ORIENTED_EDGE('',*,*,#2905,.F.);
#5038 = ORIENTED_EDGE('',*,*,#2929,.F.);
#5039 = FACE_BOUND('',#5040,.T.);
#5040 = EDGE_LOOP('',(#5041,#5042,#5043,#5044));
#5041 = ORIENTED_EDGE('',*,*,#2960,.F.);
#5042 = ORIENTED_EDGE('',*,*,#3002,.F.);
#5043 = ORIENTED_EDGE('',*,*,#3033,.F.);
#5044 = ORIENTED_EDGE('',*,*,#3057,.F.);
#5045 = FACE_BOUND('',#5046,.T.);
#5046 = EDGE_LOOP('',(#5047,#5048,#5049,#5050));
#5047 = ORIENTED_EDGE('',*,*,#3088,.F.);
#5048 = ORIENTED_EDGE('',*,*,#3130,.F.);
#5049 = ORIENTED_EDGE('',*,*,#3161,.F.);
#5050 = ORIENTED_EDGE('',*,*,#3185,.F.);
#5051 = FACE_BOUND('',#5052,.T.);
#5052 = EDGE_LOOP('',(#5053));
#5053 = ORIENTED_EDGE('',*,*,#3216,.F.);
#5054 = FACE_BOUND('',#5055,.T.);
#5055 = EDGE_LOOP('',(#5056));
#5056 = ORIENTED_EDGE('',*,*,#3249,.F.);
#5057 = FACE_BOUND('',#5058,.T.);
#5058 = EDGE_LOOP('',(#5059));
#5059 = ORIENTED_EDGE('',*,*,#3282,.F.);
#5060 = FACE_BOUND('',#5061,.T.);
#5061 = EDGE_LOOP('',(#5062));
#5062 = ORIENTED_EDGE('',*,*,#3315,.F.);
#5063 = FACE_BOUND('',#5064,.T.);
#5064 = EDGE_LOOP('',(#5065));
#5065 = ORIENTED_EDGE('',*,*,#3348,.F.);
#5066 = FACE_BOUND('',#5067,.T.);
#5067 = EDGE_LOOP('',(#5068));
#5068 = ORIENTED_EDGE('',*,*,#3381,.F.);
#5069 = FACE_BOUND('',#5070,.T.);
#5070 = EDGE_LOOP('',(#5071));
#5071 = ORIENTED_EDGE('',*,*,#3414,.F.);
#5072 = FACE_BOUND('',#5073,.T.);
#5073 = EDGE_LOOP('',(#5074));
#5074 = ORIENTED_EDGE('',*,*,#3447,.F.);
#5075 = FACE_BOUND('',#5076,.T.);
#5076 = EDGE_LOOP('',(#5077));
#5077 = ORIENTED_EDGE('',*,*,#3480,.F.);
#5078 = FACE_BOUND('',#5079,.T.);
#5079 = EDGE_LOOP('',(#5080));
#5080 = ORIENTED_EDGE('',*,*,#3513,.F.);
#5081 = FACE_BOUND('',#5082,.T.);
#5082 = EDGE_LOOP('',(#5083));
#5083 = ORIENTED_EDGE('',*,*,#3546,.F.);
#5084 = FACE_BOUND('',#5085,.T.);
#5085 = EDGE_LOOP('',(#5086));
#5086 = ORIENTED_EDGE('',*,*,#3579,.F.);
#5087 = FACE_BOUND('',#5088,.T.);
#5088 = EDGE_LOOP('',(#5089,#5090,#5091,#5092));
#5089 = ORIENTED_EDGE('',*,*,#3612,.F.);
#5090 = ORIENTED_EDGE('',*,*,#3654,.F.);
#5091 = ORIENTED_EDGE('',*,*,#3685,.F.);
#5092 = ORIENTED_EDGE('',*,*,#3709,.F.);
#5093 = FACE_BOUND('',#5094,.T.);
#5094 = EDGE_LOOP('',(#5095));
#5095 = ORIENTED_EDGE('',*,*,#3740,.F.);
#5096 = FACE_BOUND('',#5097,.T.);
#5097 = EDGE_LOOP('',(#5098));
#5098 = ORIENTED_EDGE('',*,*,#3773,.F.);
#5099 = FACE_BOUND('',#5100,.T.);
#5100 = EDGE_LOOP('',(#5101));
#5101 = ORIENTED_EDGE('',*,*,#3806,.F.);
#5102 = FACE_BOUND('',#5103,.T.);
#5103 = EDGE_LOOP('',(#5104,#5105,#5106,#5107));
#5104 = ORIENTED_EDGE('',*,*,#3839,.F.);
#5105 = ORIENTED_EDGE('',*,*,#3881,.F.);
#5106 = ORIENTED_EDGE('',*,*,#3912,.F.);
#5107 = ORIENTED_EDGE('',*,*,#3936,.F.);
#5108 = FACE_BOUND('',#5109,.T.);
#5109 = EDGE_LOOP('',(#5110,#5111,#5112,#5113));
#5110 = ORIENTED_EDGE('',*,*,#3967,.F.);
#5111 = ORIENTED_EDGE('',*,*,#4009,.F.);
#5112 = ORIENTED_EDGE('',*,*,#4040,.F.);
#5113 = ORIENTED_EDGE('',*,*,#4064,.F.);
#5114 = FACE_BOUND('',#5115,.T.);
#5115 = EDGE_LOOP('',(#5116,#5117,#5118,#5119));
#5116 = ORIENTED_EDGE('',*,*,#4095,.F.);
#5117 = ORIENTED_EDGE('',*,*,#4137,.F.);
#5118 = ORIENTED_EDGE('',*,*,#4168,.F.);
#5119 = ORIENTED_EDGE('',*,*,#4192,.F.);
#5120 = FACE_BOUND('',#5121,.T.);
#5121 = EDGE_LOOP('',(#5122,#5123,#5124,#5125));
#5122 = ORIENTED_EDGE('',*,*,#4223,.F.);
#5123 = ORIENTED_EDGE('',*,*,#4265,.F.);
#5124 = ORIENTED_EDGE('',*,*,#4296,.F.);
#5125 = ORIENTED_EDGE('',*,*,#4320,.F.);
#5126 = FACE_BOUND('',#5127,.T.);
#5127 = EDGE_LOOP('',(#5128,#5129,#5130,#5131));
#5128 = ORIENTED_EDGE('',*,*,#4351,.F.);
#5129 = ORIENTED_EDGE('',*,*,#4393,.F.);
#5130 = ORIENTED_EDGE('',*,*,#4424,.F.);
#5131 = ORIENTED_EDGE('',*,*,#4448,.F.);
#5132 = FACE_BOUND('',#5133,.T.);
#5133 = EDGE_LOOP('',(#5134));
#5134 = ORIENTED_EDGE('',*,*,#4479,.F.);
#5135 = PLANE('',#5136);
#5136 = AXIS2_PLACEMENT_3D('',#5137,#5138,#5139);
#5137 = CARTESIAN_POINT('',(139.4459991455,25.39999961853,0.41148));
#5138 = DIRECTION('',(0.E+000,0.E+000,1.));
#5139 = DIRECTION('',(1.,0.E+000,-0.E+000));
#5140 = ( GEOMETRIC_REPRESENTATION_CONTEXT(3) 
GLOBAL_UNCERTAINTY_ASSIGNED_CONTEXT((#5144)) 
GLOBAL_UNIT_ASSIGNED_CONTEXT((#5141,#5142,#5143)) REPRESENTATION_CONTEXT
('Context #1','3D Context with UNIT and UNCERTAINTY') );
#5141 = ( LENGTH_UNIT() NAMED_UNIT(*) SI_UNIT(.MILLI.,.METRE.) );
#5142 = ( NAMED_UNIT(*) PLANE_ANGLE_UNIT() SI_UNIT($,.RADIAN.) );
#5143 = ( NAMED_UNIT(*) SI_UNIT($,.STERADIAN.) SOLID_ANGLE_UNIT() );
#5144 = UNCERTAINTY_MEASURE_WITH_UNIT(LENGTH_MEASURE(1.E-007),#5141,
  'distance_accuracy_value','confusion accuracy');
#5145 = SHAPE_DEFINITION_REPRESENTATION(#5146,#42);
#5146 = PRODUCT_DEFINITION_SHAPE('','',#5147);
#5147 = PRODUCT_DEFINITION('design','',#5148,#5151);
#5148 = PRODUCT_DEFINITION_FORMATION('','',#5149);
#5149 = PRODUCT('Open CASCADE STEP translator 6.8 1.1.1',
  'Open CASCADE STEP translator 6.8 1.1.1','',(#5150));
#5150 = PRODUCT_CONTEXT('',#2,'mechanical');
#5151 = PRODUCT_DEFINITION_CONTEXT('part definition',#2,'design');
#5152 = CONTEXT_DEPENDENT_SHAPE_REPRESENTATION(#5153,#5155);
#5153 = ( REPRESENTATION_RELATIONSHIP('','',#42,#32) 
REPRESENTATION_RELATIONSHIP_WITH_TRANSFORMATION(#5154) 
SHAPE_REPRESENTATION_RELATIONSHIP() );
#5154 = ITEM_DEFINED_TRANSFORMATION('','',#11,#33);
#5155 = PRODUCT_DEFINITION_SHAPE('Placement','Placement of an item',
  #5156);
#5156 = NEXT_ASSEMBLY_USAGE_OCCURRENCE('1','','',#27,#5147,$);
#5157 = PRODUCT_RELATED_PRODUCT_CATEGORY('part',$,(#5149));
#5158 = CONTEXT_DEPENDENT_SHAPE_REPRESENTATION(#5159,#5161);
#5159 = ( REPRESENTATION_RELATIONSHIP('','',#32,#10) 
REPRESENTATION_RELATIONSHIP_WITH_TRANSFORMATION(#5160) 
SHAPE_REPRESENTATION_RELATIONSHIP() );
#5160 = ITEM_DEFINED_TRANSFORMATION('','',#11,#15);
#5161 = PRODUCT_DEFINITION_SHAPE('Placement','Placement of an item',
  #5162);
#5162 = NEXT_ASSEMBLY_USAGE_OCCURRENCE('2','','',#5,#27,$);
#5163 = PRODUCT_RELATED_PRODUCT_CATEGORY('part',$,(#29));
#5164 = MECHANICAL_DESIGN_GEOMETRIC_PRESENTATION_REPRESENTATION('',(
    #5165),#5140);
#5165 = STYLED_ITEM('color',(#5166),#43);
#5166 = PRESENTATION_STYLE_ASSIGNMENT((#5167,#5173));
#5167 = SURFACE_STYLE_USAGE(.BOTH.,#5168);
#5168 = SURFACE_SIDE_STYLE('',(#5169));
#5169 = SURFACE_STYLE_FILL_AREA(#5170);
#5170 = FILL_AREA_STYLE('',(#5171));
#5171 = FILL_AREA_STYLE_COLOUR('',#5172);
#5172 = COLOUR_RGB('',0.E+000,0.501960813999,0.E+000);
#5173 = CURVE_STYLE('',#5174,POSITIVE_LENGTH_MEASURE(0.1),#5172);
#5174 = DRAUGHTING_PRE_DEFINED_CURVE_FONT('continuous');
ENDSEC;
END-ISO-10303-21;
